,model_name,temp_uncertainty,test_error,test_std,Hour
0,linears,0,84.88651103310808,0.0,0
1,linears,1,81.74505247738294,0.9334122905180191,0
2,linears,2,85.4524996159343,1.9379529597593372,0
3,linears,3,91.29238244759861,2.9686073636323327,0
4,linears,4,98.89629639030967,3.500432194057466,0
5,linears,5,106.95442225337334,3.8865978771644065,0
6,linears,6,116.95692269488602,4.506594540489809,0
7,linears,7,126.40271980622919,5.485910419944588,0
8,linears,8,138.77449232144272,6.256069774917103,0
9,linears,9,147.99772033641776,7.261283905052868,0
10,linears,10,160.89462964137687,7.416279004354345,0
11,ridges,0,85.17778209049938,0.0,0
12,ridges,1,82.01055240740509,0.914378013085529,0
13,ridges,2,85.50020799609761,2.0036092797764424,0
14,ridges,3,92.26799976216738,2.793486111201046,0
15,ridges,4,98.34543572642335,3.542286423577166,0
16,ridges,5,107.23235234078739,4.042734239434644,0
17,ridges,6,115.9288006380576,4.3077168406749555,0
18,ridges,7,125.8633461250202,5.781300389153801,0
19,ridges,8,137.50100819699594,6.536432401739438,0
20,ridges,9,147.44068839401749,6.348603474751492,0
21,ridges,10,159.0476241018647,7.828379677254276,0
22,lassos,0,85.63346944417229,0.0,0
23,lassos,1,83.02496174550092,1.0261684074897377,0
24,lassos,2,86.52770806482087,1.8827139551612808,0
25,lassos,3,92.06109847145841,2.6619677250475333,0
26,lassos,4,99.45251796168046,3.4181900552960034,0
27,lassos,5,108.07907296558251,4.181966988694564,0
28,lassos,6,116.6208907687899,4.98990323270592,0
29,lassos,7,125.44411615503992,5.495935991491192,0
30,lassos,8,135.699432852845,5.786175799772839,0
31,lassos,9,148.59638360445905,8.039364029096188,0
32,lassos,10,160.12611944268855,8.498407417304223,0
33,xgb_best_per_hour,0,109.63399255638964,0.0,0
34,xgb_best_per_hour,1,105.8837488209379,1.3553679641469087,0
35,xgb_best_per_hour,2,113.69695947485607,2.4036728117704196,0
36,xgb_best_per_hour,3,122.88101990739273,3.4136975743270495,0
37,xgb_best_per_hour,4,131.68353834144358,4.4043587450473165,0
38,xgb_best_per_hour,5,138.4247506388436,5.270676314470173,0
39,xgb_best_per_hour,6,147.29946698576762,5.904040828314855,0
40,xgb_best_per_hour,7,152.87368206636523,6.535348894195637,0
41,xgb_best_per_hour,8,159.04080564679944,6.947960285923499,0
42,xgb_best_per_hour,9,163.4606393279672,7.505568712541173,0
43,xgb_best_per_hour,10,167.5821458704694,7.245326307254075,0
44,xgb_best_max_hour,0,110.84036222599634,0.0,0
45,xgb_best_max_hour,1,107.24929492795141,1.4648828865721186,0
46,xgb_best_max_hour,2,114.61466311775271,2.604317116571489,0
47,xgb_best_max_hour,3,122.85915615029266,3.6497183867316725,0
48,xgb_best_max_hour,4,130.16397953022283,4.106189289471645,0
49,xgb_best_max_hour,5,138.81527731242375,5.330432323546433,0
50,xgb_best_max_hour,6,143.87648167862102,5.841894077416867,0
51,xgb_best_max_hour,7,149.29499749650392,6.399168880979426,0
52,xgb_best_max_hour,8,154.66613087901644,5.855019196231725,0
53,xgb_best_max_hour,9,158.82898195284,7.120206663176119,0
54,xgb_best_max_hour,10,161.50926357682064,7.7023036851911675,0
55,lin_xgb_best_per_hour,0,81.34180296131737,0.0,0
56,lin_xgb_best_per_hour,1,78.47677681067806,1.0443976931853942,0
57,lin_xgb_best_per_hour,2,84.23087372368737,1.8292823807907985,0
58,lin_xgb_best_per_hour,3,92.60933297648609,2.9787102136621724,0
59,lin_xgb_best_per_hour,4,101.36699904435798,4.055122001137464,0
60,lin_xgb_best_per_hour,5,111.73603233747144,4.465583990458747,0
61,lin_xgb_best_per_hour,6,123.09010076954274,5.460421097139418,0
62,lin_xgb_best_per_hour,7,133.7057637658528,5.688126107524777,0
63,lin_xgb_best_per_hour,8,146.12050234368039,5.874376307020096,0
64,lin_xgb_best_per_hour,9,157.69537567916623,7.005488794118398,0
65,lin_xgb_best_per_hour,10,172.54189091025233,7.93926307608199,0
66,lin_xgb_best_max_hour,0,81.84384492683948,0.0,0
67,lin_xgb_best_max_hour,1,78.87544601902682,0.9750517054143543,0
68,lin_xgb_best_max_hour,2,84.39899627880914,2.3130295287451754,0
69,lin_xgb_best_max_hour,3,92.03371059830414,2.8597958596387825,0
70,lin_xgb_best_max_hour,4,102.7792141962373,3.329661149603692,0
71,lin_xgb_best_max_hour,5,112.64366860731423,4.459513527366905,0
72,lin_xgb_best_max_hour,6,123.42102887182664,5.037355575543685,0
73,lin_xgb_best_max_hour,7,134.64692082780226,6.606568562057558,0
74,lin_xgb_best_max_hour,8,147.7240976532824,6.9689825896559165,0
75,lin_xgb_best_max_hour,9,160.76155408957422,6.537404239085741,0
76,lin_xgb_best_max_hour,10,172.12664034898367,7.733816814916756,0
0,linears,0,97.72687959488745,0.0,1
1,linears,1,97.03613098443155,0.8097730153918923,1
2,linears,2,98.83672224905311,1.4256315696844246,1
3,linears,3,102.07643814652658,1.9526518774415826,1
4,linears,4,105.72210197301374,2.8779059392077007,1
5,linears,5,109.47078842545389,3.348207946313312,1
6,linears,6,114.3946949682484,3.7044531356232047,1
7,linears,7,120.67979571234447,4.196576713786487,1
8,linears,8,126.29295273712759,4.858787431538976,1
9,linears,9,132.7078493713168,5.2713513751178604,1
10,linears,10,141.4668104445449,5.759980683289614,1
11,ridges,0,98.21844926090328,0.0,1
12,ridges,1,97.71740324697504,0.7737600000795603,1
13,ridges,2,99.62836630838949,1.5162434791916248,1
14,ridges,3,102.42575686122387,2.2231245232735346,1
15,ridges,4,106.2068849182075,2.685670631810485,1
16,ridges,5,110.43482812381436,3.0680046710062796,1
17,ridges,6,115.36430355641423,3.9179839090976687,1
18,ridges,7,120.27256388582867,4.538371439791222,1
19,ridges,8,126.77641777432922,4.373303819723969,1
20,ridges,9,134.00534756951694,4.843665685963011,1
21,ridges,10,142.27180680599696,5.856689830631467,1
22,lassos,0,100.03181038441339,0.0,1
23,lassos,1,99.69615073099402,0.7713432780559217,1
24,lassos,2,101.74302339645544,1.5190853194739071,1
25,lassos,3,104.29095632815142,2.087992440936783,1
26,lassos,4,108.27653667039662,2.823724699970559,1
27,lassos,5,112.77362194330402,3.280812352424701,1
28,lassos,6,116.33667179820306,4.028795150623626,1
29,lassos,7,121.84479157195854,4.585182856384354,1
30,lassos,8,128.3916201259238,4.896420557379404,1
31,lassos,9,136.2255467568619,5.569700089961803,1
32,lassos,10,143.58902519649885,5.839423562293522,1
33,xgb_best_per_hour,0,126.15195098183577,0.0,1
34,xgb_best_per_hour,1,122.14754023070654,1.2092084087121635,1
35,xgb_best_per_hour,2,125.22290037438978,1.9194164321183764,1
36,xgb_best_per_hour,3,129.57716123206296,2.793890264428901,1
37,xgb_best_per_hour,4,134.76951518224473,3.5571364703303057,1
38,xgb_best_per_hour,5,138.37650610736674,3.544650726115127,1
39,xgb_best_per_hour,6,142.58130823586254,4.032232074021585,1
40,xgb_best_per_hour,7,146.56594051483066,4.9071001262733285,1
41,xgb_best_per_hour,8,149.98574573834344,4.434734109359823,1
42,xgb_best_per_hour,9,151.7245324056609,5.3179854438311125,1
43,xgb_best_per_hour,10,153.9594011460698,5.377337298515522,1
44,xgb_best_max_hour,0,126.15195098183577,0.0,1
45,xgb_best_max_hour,1,121.93702651299719,1.2391194863139685,1
46,xgb_best_max_hour,2,125.17004265930322,2.139681945876073,1
47,xgb_best_max_hour,3,129.7263681656751,2.7576662903860103,1
48,xgb_best_max_hour,4,134.22437283784222,3.6331124917324042,1
49,xgb_best_max_hour,5,139.1864414350996,3.589101203595717,1
50,xgb_best_max_hour,6,143.05429598821726,4.239414209585122,1
51,xgb_best_max_hour,7,146.70816701176255,5.020419679068219,1
52,xgb_best_max_hour,8,149.36089165184444,4.447048172700879,1
53,xgb_best_max_hour,9,151.71392015315078,5.228446972678614,1
54,xgb_best_max_hour,10,153.9867455939532,5.116385803118876,1
55,lin_xgb_best_per_hour,0,93.56063370553589,0.0,1
56,lin_xgb_best_per_hour,1,93.27560524952963,0.9311590298968683,1
57,lin_xgb_best_per_hour,2,96.25038664323534,1.6824248384051887,1
58,lin_xgb_best_per_hour,3,100.73493647568586,2.334531126455392,1
59,lin_xgb_best_per_hour,4,105.2507628586485,2.843212821868243,1
60,lin_xgb_best_per_hour,5,111.66534458466612,3.4775837993503087,1
61,lin_xgb_best_per_hour,6,117.73617174557337,3.9176539812736264,1
62,lin_xgb_best_per_hour,7,125.32537949086286,4.292233651745865,1
63,lin_xgb_best_per_hour,8,132.347782068425,5.553828218368798,1
64,lin_xgb_best_per_hour,9,140.3553759416789,5.43270652805768,1
65,lin_xgb_best_per_hour,10,149.38582940018438,6.579943001327629,1
66,lin_xgb_best_max_hour,0,96.0991089422508,0.0,1
67,lin_xgb_best_max_hour,1,95.6086796256898,0.7609887527122695,1
68,lin_xgb_best_max_hour,2,98.54915761849874,1.7272495265486743,1
69,lin_xgb_best_max_hour,3,103.18301596815081,2.5988568476545493,1
70,lin_xgb_best_max_hour,4,108.7667065842673,3.0589715714101264,1
71,lin_xgb_best_max_hour,5,115.59608621585092,3.340234135683938,1
72,lin_xgb_best_max_hour,6,121.77633275907705,4.124424257381621,1
73,lin_xgb_best_max_hour,7,128.88852813920118,4.850279764846449,1
74,lin_xgb_best_max_hour,8,137.42049528415396,5.876127456757148,1
75,lin_xgb_best_max_hour,9,146.195606105305,6.53844506920163,1
76,lin_xgb_best_max_hour,10,156.37294260532246,5.493330418872511,1
0,linears,0,88.37431981710557,0.0,2
1,linears,1,87.55360826984362,0.7917684735582887,2
2,linears,2,89.45194362392373,1.4859329226029447,2
3,linears,3,92.70085674374053,2.190665019397453,2
4,linears,4,96.82955573386846,2.5980514062547257,2
5,linears,5,100.85402221536948,3.373154555440404,2
6,linears,6,106.59929016016704,4.195916119224145,2
7,linears,7,112.06543348662686,4.060292418560682,2
8,linears,8,118.65839835752674,5.171361084531796,2
9,linears,9,125.60161545987238,5.300247238241797,2
10,linears,10,134.57295811399644,6.171203284692006,2
11,ridges,0,89.02534037281339,0.0,2
12,ridges,1,88.06260603751277,0.8092755905885158,2
13,ridges,2,90.3847070156021,1.4807481575132349,2
14,ridges,3,93.12390062608894,2.1364585311913395,2
15,ridges,4,96.78001494037272,2.362008778002565,2
16,ridges,5,101.46938794844617,3.5120801596791575,2
17,ridges,6,106.41665223919811,3.7204740357545285,2
18,ridges,7,111.43964944553963,4.2898788220191735,2
19,ridges,8,117.73893210746597,4.585400530790012,2
20,ridges,9,126.14643907062232,5.688547308810975,2
21,ridges,10,133.68881568121563,6.399862882584686,2
22,lassos,0,90.72285219656067,0.0,2
23,lassos,1,90.11819619694192,0.816115830900242,2
24,lassos,2,91.9320159209457,1.418901354663326,2
25,lassos,3,94.88882403258638,2.277152170524353,2
26,lassos,4,98.04198725035353,2.383486654160153,2
27,lassos,5,102.31524266052817,2.872740407419014,2
28,lassos,6,107.31732128575057,4.001415017102387,2
29,lassos,7,113.00173018699395,3.89543030966238,2
30,lassos,8,119.75743583820284,5.251561799678702,2
31,lassos,9,125.60900611327517,5.301881313431883,2
32,lassos,10,132.7241847997305,5.4507098509972085,2
33,xgb_best_per_hour,0,112.61810075633814,0.0,2
34,xgb_best_per_hour,1,110.36948491445838,0.8747534659253224,2
35,xgb_best_per_hour,2,113.33105396510096,1.8670466405225044,2
36,xgb_best_per_hour,3,117.38315897439873,2.103946014700694,2
37,xgb_best_per_hour,4,122.09117514169878,2.746137362012116,2
38,xgb_best_per_hour,5,126.69123280716678,3.5123828162899375,2
39,xgb_best_per_hour,6,130.1140185177075,4.354533102614149,2
40,xgb_best_per_hour,7,134.16884260328735,3.6693081065432165,2
41,xgb_best_per_hour,8,136.86302614430272,4.626445663742011,2
42,xgb_best_per_hour,9,140.71996014637517,4.729849690170894,2
43,xgb_best_per_hour,10,142.15294407010148,4.543088075563011,2
44,xgb_best_max_hour,0,114.61991234541817,0.0,2
45,xgb_best_max_hour,1,111.94790687498173,0.914159451391972,2
46,xgb_best_max_hour,2,114.88118524669113,1.5127349913224497,2
47,xgb_best_max_hour,3,118.62146298392467,2.2343487312564876,2
48,xgb_best_max_hour,4,123.15262592203439,3.1153354653385246,2
49,xgb_best_max_hour,5,126.85596234475932,3.404815982616461,2
50,xgb_best_max_hour,6,130.16760597440052,3.747940779173767,2
51,xgb_best_max_hour,7,133.07004264224759,4.013240469526383,2
52,xgb_best_max_hour,8,136.1195376353955,4.3189139161062045,2
53,xgb_best_max_hour,9,138.0807779463885,4.642061908108475,2
54,xgb_best_max_hour,10,141.08240335778962,5.041227054043363,2
55,lin_xgb_best_per_hour,0,83.90457889243498,0.0,2
56,lin_xgb_best_per_hour,1,83.39463198823188,0.9069273251690197,2
57,lin_xgb_best_per_hour,2,86.18155310203345,1.8752946859715391,2
58,lin_xgb_best_per_hour,3,91.39193052576023,2.210861719229911,2
59,lin_xgb_best_per_hour,4,97.03917551323643,3.0050553739420107,2
60,lin_xgb_best_per_hour,5,104.06771251581884,3.483226604339987,2
61,lin_xgb_best_per_hour,6,111.14550702662923,4.245055767727329,2
62,lin_xgb_best_per_hour,7,118.12035904818869,4.429583089089101,2
63,lin_xgb_best_per_hour,8,125.80531296308547,5.315683838537831,2
64,lin_xgb_best_per_hour,9,134.1469592648266,5.255447352955553,2
65,lin_xgb_best_per_hour,10,143.53925580230364,6.33916590715567,2
66,lin_xgb_best_max_hour,0,86.25389594831879,0.0,2
67,lin_xgb_best_max_hour,1,85.51583953843563,0.8941101607080024,2
68,lin_xgb_best_max_hour,2,89.33161496479136,1.7281687149408573,2
69,lin_xgb_best_max_hour,3,94.72802001129787,2.343507909050401,2
70,lin_xgb_best_max_hour,4,101.42182161423457,3.085728334386769,2
71,lin_xgb_best_max_hour,5,107.26049076729713,3.543007514272176,2
72,lin_xgb_best_max_hour,6,115.74724770731774,4.599067596689315,2
73,lin_xgb_best_max_hour,7,123.49072901015586,4.597971196407335,2
74,lin_xgb_best_max_hour,8,131.9673265469547,4.859483191178907,2
75,lin_xgb_best_max_hour,9,140.38390683954904,6.860165384086552,2
76,lin_xgb_best_max_hour,10,150.13834720436748,7.203234594001549,2
0,linears,0,78.74511813263207,0.0,3
1,linears,1,78.86997866473138,0.9453181988997199,3
2,linears,2,81.95513266054063,1.7012706171689465,3
3,linears,3,86.45047073542874,2.678275294999449,3
4,linears,4,92.79943145005076,3.1883191398405977,3
5,linears,5,99.11387658273289,4.086693165748895,3
6,linears,6,107.90739846015724,5.221338406368147,3
7,linears,7,115.78095495922231,5.250320499917815,3
8,linears,8,125.24070421634404,6.711453753707828,3
9,linears,9,137.8561843200652,8.339452662971533,3
10,linears,10,148.01679511898223,8.169729852055703,3
11,ridges,0,79.81291599089828,0.0,3
12,ridges,1,79.72577537457971,0.8546424615759685,3
13,ridges,2,82.7580229021595,1.5704362213674912,3
14,ridges,3,87.07310399750591,2.735966914749616,3
15,ridges,4,92.91240106831049,3.672604434027473,3
16,ridges,5,99.91531444278252,3.629613418747769,3
17,ridges,6,107.93254081897311,4.65968542009602,3
18,ridges,7,115.30274615696659,5.38164986017125,3
19,ridges,8,125.38489859684977,6.015390639933734,3
20,ridges,9,134.37588468496054,7.555754229593172,3
21,ridges,10,145.46659165284197,7.245283964405302,3
22,lassos,0,81.1308041257768,0.0,3
23,lassos,1,80.72008514294147,0.7759625206710549,3
24,lassos,2,83.08013770685159,1.6595109565502693,3
25,lassos,3,86.86118233019823,2.238432833857629,3
26,lassos,4,90.75278303822184,2.9867807507514885,3
27,lassos,5,96.83017394022455,3.0879526079971154,3
28,lassos,6,102.50383693443088,4.319597201101396,3
29,lassos,7,109.60294338206877,4.51248317528841,3
30,lassos,8,116.74165149253064,5.40012462464321,3
31,lassos,9,125.08459392049924,6.182366652466597,3
32,lassos,10,134.51757581411175,7.2415490262953774,3
33,xgb_best_per_hour,0,109.24115485920579,0.0,3
34,xgb_best_per_hour,1,108.7694941515867,0.7062032443068564,3
35,xgb_best_per_hour,2,111.79207906501459,1.3298934130317375,3
36,xgb_best_per_hour,3,115.52252560145908,1.8779762798402924,3
37,xgb_best_per_hour,4,118.86977657984681,2.121060639367675,3
38,xgb_best_per_hour,5,121.95609065254278,2.835343768554041,3
39,xgb_best_per_hour,6,124.96361739203662,2.9479952964456477,3
40,xgb_best_per_hour,7,127.64457411214174,3.023115646326,3
41,xgb_best_per_hour,8,129.29646243464177,3.891331256716839,3
42,xgb_best_per_hour,9,131.38452358217097,3.340826341952532,3
43,xgb_best_per_hour,10,133.45218920668617,3.4768154188225546,3
44,xgb_best_max_hour,0,103.06380062908998,0.0,3
45,xgb_best_max_hour,1,102.3815980090439,0.8007239839643838,3
46,xgb_best_max_hour,2,105.63357491985127,1.6610196618033388,3
47,xgb_best_max_hour,3,109.94032531645172,2.292957973629054,3
48,xgb_best_max_hour,4,114.05611287033396,2.576770303841809,3
49,xgb_best_max_hour,5,117.82892252173586,2.982933806220853,3
50,xgb_best_max_hour,6,120.71637722629352,3.2088037399626694,3
51,xgb_best_max_hour,7,123.88469002955262,4.082279244253473,3
52,xgb_best_max_hour,8,126.13181065787101,3.8683834493310694,3
53,xgb_best_max_hour,9,128.4892093557755,4.472602121885188,3
54,xgb_best_max_hour,10,129.68571573018167,3.8751924489845897,3
55,lin_xgb_best_per_hour,0,74.26714937558981,0.0,3
56,lin_xgb_best_per_hour,1,74.63009137076206,0.946072027756643,3
57,lin_xgb_best_per_hour,2,78.95710123061642,1.9513656752838713,3
58,lin_xgb_best_per_hour,3,85.47462260645358,2.4205044265368287,3
59,lin_xgb_best_per_hour,4,93.28635653455083,3.3187497683786575,3
60,lin_xgb_best_per_hour,5,101.08606303065999,4.172321492297465,3
61,lin_xgb_best_per_hour,6,110.23533335001451,5.396267069036517,3
62,lin_xgb_best_per_hour,7,120.81651435672207,5.417434966323921,3
63,lin_xgb_best_per_hour,8,133.39805813463465,7.306058098770413,3
64,lin_xgb_best_per_hour,9,144.2147281988494,6.322966661249083,3
65,lin_xgb_best_per_hour,10,155.82490243723353,7.592026797756201,3
66,lin_xgb_best_max_hour,0,73.74475216123804,0.0,3
67,lin_xgb_best_max_hour,1,74.28692596592091,0.8893954734463568,3
68,lin_xgb_best_max_hour,2,79.84918351820355,2.0783961797049533,3
69,lin_xgb_best_max_hour,3,86.64916269247857,2.7975900808126806,3
70,lin_xgb_best_max_hour,4,95.24653645863845,3.4911719088723197,3
71,lin_xgb_best_max_hour,5,104.2543118250105,4.068551729742819,3
72,lin_xgb_best_max_hour,6,115.0614153457435,4.809598655795958,3
73,lin_xgb_best_max_hour,7,126.87944708672666,5.614464171157961,3
74,lin_xgb_best_max_hour,8,137.3811702801618,5.682453749307524,3
75,lin_xgb_best_max_hour,9,149.52039897906565,7.399178317592601,3
76,lin_xgb_best_max_hour,10,163.36220549009238,8.344552321964267,3
0,linears,0,78.25699074921033,0.0,4
1,linears,1,78.87506943129625,1.1421405449413644,4
2,linears,2,83.41659469911654,2.309753419886165,4
3,linears,3,89.18509898869748,2.723639701699015,4
4,linears,4,96.70240557480074,4.045482497437905,4
5,linears,5,103.98278361162795,4.944921203301751,4
6,linears,6,114.17555443666352,5.492708121808739,4
7,linears,7,124.85815886357874,6.558562633515253,4
8,linears,8,135.1091524244126,6.119788133036054,4
9,linears,9,147.0826837045579,7.635702231933734,4
10,linears,10,159.44975425812095,8.969508303643284,4
11,ridges,0,80.81908918586669,0.0,4
12,ridges,1,81.07496738751297,1.0364115450047224,4
13,ridges,2,85.13375926367013,1.7569440847890858,4
14,ridges,3,90.51159735384846,3.1873455545022447,4
15,ridges,4,97.18046995919808,4.131912271505868,4
16,ridges,5,105.85306972907355,4.328027377155241,4
17,ridges,6,113.09222996752929,5.284815990532455,4
18,ridges,7,123.24222754570845,6.203585225465996,4
19,ridges,8,133.37360051883462,6.830410657478213,4
20,ridges,9,144.17845296132782,6.630345932727461,4
21,ridges,10,155.29753572072704,7.155316047500983,4
22,lassos,0,81.04154515491688,0.0,4
23,lassos,1,81.34638925281874,1.0311769798272965,4
24,lassos,2,84.87220714050467,1.9952473582961856,4
25,lassos,3,89.50699503328111,2.602921892819509,4
26,lassos,4,95.90083553558752,3.8484793771859356,4
27,lassos,5,103.22663737277946,4.638958548756939,4
28,lassos,6,110.5450375963258,5.274186005608543,4
29,lassos,7,120.24448201471263,4.660958382058864,4
30,lassos,8,130.26577662253104,6.93034329266684,4
31,lassos,9,140.27033136531654,7.233014980140511,4
32,lassos,10,152.47070130931453,7.889666124946741,4
33,xgb_best_per_hour,0,107.35770374254503,0.0,4
34,xgb_best_per_hour,1,107.9539127807786,0.6082650977394505,4
35,xgb_best_per_hour,2,111.08824081038885,1.1486034902878208,4
36,xgb_best_per_hour,3,114.15582065605082,1.8147146217769305,4
37,xgb_best_per_hour,4,117.35968518432226,2.083451080403377,4
38,xgb_best_per_hour,5,120.6125714265609,2.7262631269629205,4
39,xgb_best_per_hour,6,122.06108309102918,2.3487341265945196,4
40,xgb_best_per_hour,7,125.0412928902554,2.9007500890634326,4
41,xgb_best_per_hour,8,126.77045752533712,3.252938713934226,4
42,xgb_best_per_hour,9,128.52628991824275,3.4779677411237624,4
43,xgb_best_per_hour,10,129.7700539272629,3.5152013874285197,4
44,xgb_best_max_hour,0,103.03259730806597,0.0,4
45,xgb_best_max_hour,1,103.39614243828166,0.8056222306565048,4
46,xgb_best_max_hour,2,106.38308806797406,1.5682683923671477,4
47,xgb_best_max_hour,3,110.4267850255506,2.2506405798581373,4
48,xgb_best_max_hour,4,113.89314569919836,2.5768559375321645,4
49,xgb_best_max_hour,5,117.89494800594986,3.188554123993051,4
50,xgb_best_max_hour,6,120.89898684612135,3.2441064901033476,4
51,xgb_best_max_hour,7,123.87524995085928,3.7615897268744134,4
52,xgb_best_max_hour,8,126.23501811598477,3.6540974070695182,4
53,xgb_best_max_hour,9,127.68078418635652,3.6939042107575917,4
54,xgb_best_max_hour,10,129.90132915305645,3.9678052911718553,4
55,lin_xgb_best_per_hour,0,71.00718631446455,0.0,4
56,lin_xgb_best_per_hour,1,72.30605005601232,1.1766538029574347,4
57,lin_xgb_best_per_hour,2,77.64287442610708,2.148581747482053,4
58,lin_xgb_best_per_hour,3,85.84727656637833,3.1922576261858073,4
59,lin_xgb_best_per_hour,4,95.10708593486237,3.5235692050976892,4
60,lin_xgb_best_per_hour,5,107.33755109851829,4.20377282680625,4
61,lin_xgb_best_per_hour,6,118.81168096783728,5.86341861546631,4
62,lin_xgb_best_per_hour,7,130.00464672888296,6.634273573719046,4
63,lin_xgb_best_per_hour,8,143.03169206403592,7.434727794372159,4
64,lin_xgb_best_per_hour,9,160.22485153150473,9.388042377983524,4
65,lin_xgb_best_per_hour,10,171.87940265181962,9.096250085416168,4
66,lin_xgb_best_max_hour,0,73.38324160227333,0.0,4
67,lin_xgb_best_max_hour,1,73.90767809128347,1.125685060364962,4
68,lin_xgb_best_max_hour,2,80.05477633701777,2.3205708219161365,4
69,lin_xgb_best_max_hour,3,88.8006201903393,3.0009227719552367,4
70,lin_xgb_best_max_hour,4,98.60687797371524,4.0485074947755235,4
71,lin_xgb_best_max_hour,5,109.97041030053651,5.1568117611727,4
72,lin_xgb_best_max_hour,6,121.55722141837813,6.112351708487672,4
73,lin_xgb_best_max_hour,7,134.82602814468734,6.621963403626533,4
74,lin_xgb_best_max_hour,8,149.51510489621842,7.809688368370785,4
75,lin_xgb_best_max_hour,9,163.09654509775714,8.632484745972908,4
76,lin_xgb_best_max_hour,10,177.07625276132458,9.117647149257209,4
0,linears,0,93.3557400981866,0.0,5
1,linears,1,94.32395175817672,1.3250218764416315,5
2,linears,2,98.74084472624854,2.2764006764830342,5
3,linears,3,105.77354668577503,3.5259514906748923,5
4,linears,4,113.52221453295047,4.487314215542769,5
5,linears,5,123.94432195748016,4.927210996310501,5
6,linears,6,135.13072492289493,5.583276794419132,5
7,linears,7,145.675133661499,6.5873152826378485,5
8,linears,8,160.43902082226614,7.68476670188745,5
9,linears,9,172.3967972296205,9.457662118276145,5
10,linears,10,188.3486729407976,10.586539250598769,5
11,ridges,0,96.85092060917763,0.0,5
12,ridges,1,97.6852932094045,1.1129952511737975,5
13,ridges,2,101.82918044412938,2.7198351449384677,5
14,ridges,3,107.92922366806937,3.6180835649897256,5
15,ridges,4,115.35127051940415,3.4063590864640827,5
16,ridges,5,123.81339226155067,4.865065578266463,5
17,ridges,6,134.37549936420066,5.511704065474071,5
18,ridges,7,145.84189832196273,6.185331732178642,5
19,ridges,8,157.25621617470995,8.000692919989863,5
20,ridges,9,170.1909565606634,8.197793029733406,5
21,ridges,10,185.07917483352506,9.589787150492148,5
22,lassos,0,95.37667570240566,0.0,5
23,lassos,1,96.25425111071445,1.2171631722397085,5
24,lassos,2,100.76312484471384,2.492876997605025,5
25,lassos,3,106.41518515894832,3.4220017131678357,5
26,lassos,4,114.02878617977227,3.758273479293741,5
27,lassos,5,123.35483325643638,5.0664055292668335,5
28,lassos,6,131.52759525624947,6.717933389465998,5
29,lassos,7,143.54032126761476,7.51395869172688,5
30,lassos,8,155.41358436279685,7.8226680403064375,5
31,lassos,9,168.0358438287816,7.430094077369526,5
32,lassos,10,182.55999783185908,9.888860847308559,5
33,xgb_best_per_hour,0,120.86592388002701,0.0,5
34,xgb_best_per_hour,1,120.68942851889078,1.1036503388108034,5
35,xgb_best_per_hour,2,123.9722101416485,1.864212625363879,5
36,xgb_best_per_hour,3,127.46041175793475,2.2284881591174064,5
37,xgb_best_per_hour,4,131.9667109674914,3.0245373628379637,5
38,xgb_best_per_hour,5,135.52477898786373,3.189576797574753,5
39,xgb_best_per_hour,6,137.73179549254237,3.4228611688022994,5
40,xgb_best_per_hour,7,140.45580233307547,3.7612996340395166,5
41,xgb_best_per_hour,8,142.88430530459533,4.66407822211994,5
42,xgb_best_per_hour,9,144.14991297501103,4.270618748095458,5
43,xgb_best_per_hour,10,146.20201444142876,4.453193776093654,5
44,xgb_best_max_hour,0,120.18749938662775,0.0,5
45,xgb_best_max_hour,1,119.58096812841097,1.1652007384600542,5
46,xgb_best_max_hour,2,123.10620417180344,1.8818954133146735,5
47,xgb_best_max_hour,3,127.40814844084494,2.509070166932763,5
48,xgb_best_max_hour,4,131.5144151085014,3.3224407108404437,5
49,xgb_best_max_hour,5,135.27740323825398,3.5492797341002613,5
50,xgb_best_max_hour,6,139.04542446024564,3.347018210862573,5
51,xgb_best_max_hour,7,142.792048894217,4.325809417146332,5
52,xgb_best_max_hour,8,146.2041268174255,4.593792186914515,5
53,xgb_best_max_hour,9,148.9201022569364,4.739966386398826,5
54,xgb_best_max_hour,10,150.94536183514631,4.329413997934671,5
55,lin_xgb_best_per_hour,0,83.2105570500677,0.0,5
56,lin_xgb_best_per_hour,1,83.74436999776461,1.3503955765137454,5
57,lin_xgb_best_per_hour,2,90.5596379248774,2.242629425611267,5
58,lin_xgb_best_per_hour,3,99.8535925440955,3.664768340940617,5
59,lin_xgb_best_per_hour,4,111.48012556858585,3.6720872579981396,5
60,lin_xgb_best_per_hour,5,124.0374835362088,4.932640635462354,5
61,lin_xgb_best_per_hour,6,138.08361259077958,6.926751770157091,5
62,lin_xgb_best_per_hour,7,153.56932563627265,7.153491999530142,5
63,lin_xgb_best_per_hour,8,167.79921980930754,8.640158126991805,5
64,lin_xgb_best_per_hour,9,185.65206191639368,10.497094188654167,5
65,lin_xgb_best_per_hour,10,201.59754783062488,10.56570403444125,5
66,lin_xgb_best_max_hour,0,84.33767157474762,0.0,5
67,lin_xgb_best_max_hour,1,84.92351875331094,1.429998464782147,5
68,lin_xgb_best_max_hour,2,90.8132996757338,2.620520580208178,5
69,lin_xgb_best_max_hour,3,100.00002648805835,3.1911677286759343,5
70,lin_xgb_best_max_hour,4,111.10629842488677,4.4257542381147035,5
71,lin_xgb_best_max_hour,5,124.26296578356123,4.874879946336842,5
72,lin_xgb_best_max_hour,6,137.9373802230164,5.579897238553886,5
73,lin_xgb_best_max_hour,7,153.0421878730033,7.196867424952405,5
74,lin_xgb_best_max_hour,8,166.94634656664832,7.6887863259255385,5
75,lin_xgb_best_max_hour,9,185.45770354117974,9.843823553531141,5
76,lin_xgb_best_max_hour,10,202.98712595719445,11.700679608275205,5
0,linears,0,122.00203074250709,0.0,6
1,linears,1,124.32193598805443,1.428611383331094,6
2,linears,2,129.39832439372537,2.6355208398039682,6
3,linears,3,137.17043322145292,3.3276101510841642,6
4,linears,4,146.9182069820017,3.6395988351346458,6
5,linears,5,157.34246120430794,5.274340424391626,6
6,linears,6,169.4083018815747,5.260353943527038,6
7,linears,7,183.77738200271983,6.320320022678185,6
8,linears,8,199.14470065441776,6.586580943847794,6
9,linears,9,214.9309934242423,7.701847460367386,6
10,linears,10,230.13687192309982,8.910692149743648,6
11,ridges,0,125.78840734496356,0.0,6
12,ridges,1,127.45980488070731,1.1463932568095536,6
13,ridges,2,132.90230477109833,2.677310358581936,6
14,ridges,3,140.161439307946,3.5839610609688997,6
15,ridges,4,148.47599967448735,3.748450505288822,6
16,ridges,5,159.47035864076324,4.634629869453242,6
17,ridges,6,170.81310069530434,5.158955650793693,6
18,ridges,7,183.3080922639772,5.737450032904585,6
19,ridges,8,196.85886578206473,7.269390190032275,6
20,ridges,9,213.72302291656163,8.950351705239086,6
21,ridges,10,227.49696312884728,9.123359542369748,6
22,lassos,0,123.78302943244957,0.0,6
23,lassos,1,125.96955308382474,1.254406726216106,6
24,lassos,2,130.09065026569647,2.2506411540738793,6
25,lassos,3,136.1841174931155,3.416151397430651,6
26,lassos,4,143.57974170718379,3.6458899554490696,6
27,lassos,5,152.40735610966178,4.227637534738893,6
28,lassos,6,161.94795950650317,5.620553784556417,6
29,lassos,7,173.25366066677853,5.938512501644702,6
30,lassos,8,185.03653237135154,6.438663495416377,6
31,lassos,9,198.121165430979,6.711660140642253,6
32,lassos,10,211.48046333715948,8.09892221997604,6
33,xgb_best_per_hour,0,146.9731973001352,0.0,6
34,xgb_best_per_hour,1,147.91434371170732,1.0362978289904707,6
35,xgb_best_per_hour,2,150.51201777130302,1.6648006279139442,6
36,xgb_best_per_hour,3,153.65309612556086,2.2625612606810352,6
37,xgb_best_per_hour,4,157.508560522971,2.6107662286428326,6
38,xgb_best_per_hour,5,161.4602487592829,3.1008767412764286,6
39,xgb_best_per_hour,6,164.19556822329662,3.625682673245418,6
40,xgb_best_per_hour,7,167.45428409543084,3.700900760438309,6
41,xgb_best_per_hour,8,170.51153806593436,3.8237476291548167,6
42,xgb_best_per_hour,9,173.27258870233348,3.4540794731270092,6
43,xgb_best_per_hour,10,175.12976473204492,4.356637156318786,6
44,xgb_best_max_hour,0,147.17363909624683,0.0,6
45,xgb_best_max_hour,1,147.86015448335155,1.2317211866679636,6
46,xgb_best_max_hour,2,151.14572412081867,1.805695873985139,6
47,xgb_best_max_hour,3,156.0600254049694,2.3340724803259447,6
48,xgb_best_max_hour,4,160.36611373280482,2.9031966358836274,6
49,xgb_best_max_hour,5,164.83399313092872,3.3710087381747313,6
50,xgb_best_max_hour,6,168.68147142452355,3.9608410184295697,6
51,xgb_best_max_hour,7,172.1642241900525,3.878643395291465,6
52,xgb_best_max_hour,8,175.80533181122402,3.997095436657655,6
53,xgb_best_max_hour,9,179.52711229374606,4.548664947445807,6
54,xgb_best_max_hour,10,184.17686979737428,5.006348630063487,6
55,lin_xgb_best_per_hour,0,109.29340786227733,0.0,6
56,lin_xgb_best_per_hour,1,112.79443581160656,1.1624070413814043,6
57,lin_xgb_best_per_hour,2,118.79008350136957,2.334522096960066,6
58,lin_xgb_best_per_hour,3,128.72178377355985,3.292875880563632,6
59,lin_xgb_best_per_hour,4,140.50916561371798,4.482626979094078,6
60,lin_xgb_best_per_hour,5,155.61485071162787,4.96993908768536,6
61,lin_xgb_best_per_hour,6,170.88257669746432,6.051605384400749,6
62,lin_xgb_best_per_hour,7,186.57210353398233,7.175357129490383,6
63,lin_xgb_best_per_hour,8,203.5283199334646,6.83994999083468,6
64,lin_xgb_best_per_hour,9,220.2144383584606,9.036450300906202,6
65,lin_xgb_best_per_hour,10,239.09444651518498,9.514117570387318,6
66,lin_xgb_best_max_hour,0,112.16565530944347,0.0,6
67,lin_xgb_best_max_hour,1,114.17071560726492,1.1821080118739598,6
68,lin_xgb_best_max_hour,2,121.03419321692452,2.4888535571551302,6
69,lin_xgb_best_max_hour,3,129.77946424213397,3.428062131797281,6
70,lin_xgb_best_max_hour,4,140.91361375436838,4.381445020405675,6
71,lin_xgb_best_max_hour,5,154.88204338005352,5.4427152250040525,6
72,lin_xgb_best_max_hour,6,169.83876622452638,5.692178311031079,6
73,lin_xgb_best_max_hour,7,186.77339283873528,7.3271736107929675,6
74,lin_xgb_best_max_hour,8,203.13560534335,7.168652303362827,6
75,lin_xgb_best_max_hour,9,221.44323653723984,9.087368393285429,6
76,lin_xgb_best_max_hour,10,238.18627118240238,8.993422796915395,6
0,linears,0,152.3366779424262,0.0,7
1,linears,1,155.71794980252506,2.228543106486187,7
2,linears,2,168.4147204012527,3.75510309435096,7
3,linears,3,187.27988095032916,5.13170811516773,7
4,linears,4,210.8514962718339,6.478971194160856,7
5,linears,5,235.82340964612325,8.198873970968917,7
6,linears,6,263.4977435851299,10.27605984409496,7
7,linears,7,296.3611676049182,11.167480247542459,7
8,linears,8,325.6250330771496,12.043548226894751,7
9,linears,9,355.59179198017824,14.277906377162386,7
10,linears,10,388.61305743536724,15.019791518582416,7
11,ridges,0,156.0570427718921,0.0,7
12,ridges,1,159.16697416546,1.6920719236797983,7
13,ridges,2,170.6046686038765,2.74965656906785,7
14,ridges,3,186.5902990225422,5.1712742914640994,7
15,ridges,4,206.330482515896,6.173281798443038,7
16,ridges,5,230.28550374801932,7.45330053056618,7
17,ridges,6,255.4204364945474,8.82927559216113,7
18,ridges,7,282.38025537161826,10.058623558754379,7
19,ridges,8,310.51572838058496,12.561753659103358,7
20,ridges,9,339.6836093819426,12.273073586945506,7
21,ridges,10,368.63460523921344,15.728894037619762,7
22,lassos,0,154.35860881173863,0.0,7
23,lassos,1,157.87826047356998,1.635604373714232,7
24,lassos,2,167.5064739372618,3.0258611946372422,7
25,lassos,3,182.65669328742877,5.362976324997452,7
26,lassos,4,200.09612270252234,5.692701002777868,7
27,lassos,5,221.2016008098186,7.256979637498547,7
28,lassos,6,243.941948409985,7.609888567459067,7
29,lassos,7,269.1039610764585,9.745598525167878,7
30,lassos,8,294.8204290810806,12.252001234146014,7
31,lassos,9,319.60479352239184,11.817711476734509,7
32,lassos,10,346.459237522821,11.38314370122959,7
33,xgb_best_per_hour,0,177.95156736583786,0.0,7
34,xgb_best_per_hour,1,179.3452573663695,1.6178099140256748,7
35,xgb_best_per_hour,2,183.3463919004041,2.5794851652891655,7
36,xgb_best_per_hour,3,189.40671581455388,2.6234621254290436,7
37,xgb_best_per_hour,4,194.7663660537042,3.9176552399260403,7
38,xgb_best_per_hour,5,201.06790797217374,3.9139295430469834,7
39,xgb_best_per_hour,6,206.09001073899643,4.452588600533717,7
40,xgb_best_per_hour,7,212.28854310993916,5.299132653943546,7
41,xgb_best_per_hour,8,217.30702693700343,5.9602527462055255,7
42,xgb_best_per_hour,9,222.25305942591785,7.08026002401897,7
43,xgb_best_per_hour,10,227.2834611280086,6.59996423403093,7
44,xgb_best_max_hour,0,175.29946106666256,0.0,7
45,xgb_best_max_hour,1,176.88735724019895,1.427180392057518,7
46,xgb_best_max_hour,2,180.37198646162418,2.455457019330079,7
47,xgb_best_max_hour,3,185.58770409447473,3.1311634369362693,7
48,xgb_best_max_hour,4,191.63405666161609,3.91922217142091,7
49,xgb_best_max_hour,5,196.90882366409315,3.9969364777155203,7
50,xgb_best_max_hour,6,202.41016103861398,5.046377820558179,7
51,xgb_best_max_hour,7,208.63945988182044,6.037195007702326,7
52,xgb_best_max_hour,8,214.37695320783902,5.769928544216411,7
53,xgb_best_max_hour,9,218.5870631568458,6.323252488224498,7
54,xgb_best_max_hour,10,222.14963128753624,6.690838632437733,7
55,lin_xgb_best_per_hour,0,139.01428839934817,0.0,7
56,lin_xgb_best_per_hour,1,150.19925633645778,1.9754577645134295,7
57,lin_xgb_best_per_hour,2,165.05287385506747,3.813509643442923,7
58,lin_xgb_best_per_hour,3,185.84506544402663,5.16554868089145,7
59,lin_xgb_best_per_hour,4,211.5956539157635,7.414217835805812,7
60,lin_xgb_best_per_hour,5,241.1667055252843,8.676192139681564,7
61,lin_xgb_best_per_hour,6,271.7634483700019,9.832023900708933,7
62,lin_xgb_best_per_hour,7,305.69403724173856,11.020381126257483,7
63,lin_xgb_best_per_hour,8,335.35920251334034,12.116002156316679,7
64,lin_xgb_best_per_hour,9,368.40927073875554,15.19433566880596,7
65,lin_xgb_best_per_hour,10,402.28240164113004,16.142986889345032,7
66,lin_xgb_best_max_hour,0,144.16379443214052,0.0,7
67,lin_xgb_best_max_hour,1,154.9493417793192,2.200942355864653,7
68,lin_xgb_best_max_hour,2,168.17346140440316,3.721864453506404,7
69,lin_xgb_best_max_hour,3,189.5566025032179,5.596066620043735,7
70,lin_xgb_best_max_hour,4,214.44637257869752,6.477838235377783,7
71,lin_xgb_best_max_hour,5,242.17010504500445,8.564294503850613,7
72,lin_xgb_best_max_hour,6,273.1114793906412,9.294187596207125,7
73,lin_xgb_best_max_hour,7,302.84512254651185,10.43208064562711,7
74,lin_xgb_best_max_hour,8,336.8736701014846,12.13677541012104,7
75,lin_xgb_best_max_hour,9,369.34536240642706,15.762899520135601,7
76,lin_xgb_best_max_hour,10,405.6432963139969,16.136414410335636,7
0,linears,0,187.08060116347153,0.0,8
1,linears,1,191.87365018888954,1.9059944789554797,8
2,linears,2,200.13933034794445,3.5238851290722004,8
3,linears,3,212.7337259649538,4.743199612862683,8
4,linears,4,229.7674135202244,6.82010851975874,8
5,linears,5,248.70335392871712,7.423234647355572,8
6,linears,6,270.387030967909,8.453727300295201,8
7,linears,7,292.9790927856936,10.226793700085928,8
8,linears,8,318.3471490687159,11.990313237814037,8
9,linears,9,343.97868758748,14.425498272695464,8
10,linears,10,369.8870022164982,14.76519107114094,8
11,ridges,0,188.89757539761743,0.0,8
12,ridges,1,193.35977927561328,1.6509411508002692,8
13,ridges,2,201.30494460732385,3.3589780335445694,8
14,ridges,3,213.8824257998523,4.714896624671061,8
15,ridges,4,229.53482623773507,5.475175342961937,8
16,ridges,5,247.5953445541915,7.493677668536343,8
17,ridges,6,266.4519142151714,8.903694813872042,8
18,ridges,7,289.9750556441145,10.676318868581566,8
19,ridges,8,311.53701470123707,11.815842721020317,8
20,ridges,9,337.85332449204464,13.076497092904134,8
21,ridges,10,361.98924865930013,14.540156372752568,8
22,lassos,0,187.88200659850645,0.0,8
23,lassos,1,192.66910596002765,1.3637577188585315,8
24,lassos,2,200.20698728866094,3.276815989650724,8
25,lassos,3,211.7485649937909,4.743781453840145,8
26,lassos,4,226.1181410014237,5.288253510465084,8
27,lassos,5,244.0601705249891,7.269379049678139,8
28,lassos,6,263.9042743793169,8.335558851724146,8
29,lassos,7,283.69110180705525,10.489421499713588,8
30,lassos,8,304.4773454530791,10.262370937316664,8
31,lassos,9,330.1651299591581,11.622444995170351,8
32,lassos,10,353.68975801761104,13.797469500455982,8
33,xgb_best_per_hour,0,202.7928096319796,0.0,8
34,xgb_best_per_hour,1,206.81356554969665,1.957159257296111,8
35,xgb_best_per_hour,2,213.3491430903537,3.005126200075289,8
36,xgb_best_per_hour,3,221.34864268378607,3.8868969660930457,8
37,xgb_best_per_hour,4,230.14033512663715,5.1908002925150765,8
38,xgb_best_per_hour,5,238.170164334855,6.014451217408942,8
39,xgb_best_per_hour,6,247.66583709832815,6.879614068071201,8
40,xgb_best_per_hour,7,256.7207251164476,7.234409209938849,8
41,xgb_best_per_hour,8,263.12838244496106,7.75568509794671,8
42,xgb_best_per_hour,9,271.41271765912103,7.973397900125406,8
43,xgb_best_per_hour,10,281.31653647880995,8.25187965626398,8
44,xgb_best_max_hour,0,201.67538740345816,0.0,8
45,xgb_best_max_hour,1,206.98423178927197,2.091600676899807,8
46,xgb_best_max_hour,2,213.66828961741106,3.359843633856665,8
47,xgb_best_max_hour,3,222.012157498774,4.03754476737103,8
48,xgb_best_max_hour,4,232.33735843640974,5.3510160995783105,8
49,xgb_best_max_hour,5,240.57548573537852,6.939499999430265,8
50,xgb_best_max_hour,6,249.20024132041064,7.240592471209269,8
51,xgb_best_max_hour,7,257.3168392962193,7.641622877785854,8
52,xgb_best_max_hour,8,264.23400602100764,7.272194991732559,8
53,xgb_best_max_hour,9,270.54294238745206,9.293361442870456,8
54,xgb_best_max_hour,10,277.02838228034415,8.594456381786491,8
55,lin_xgb_best_per_hour,0,188.59289551270442,0.0,8
56,lin_xgb_best_per_hour,1,199.43494370662702,2.6905881066855266,8
57,lin_xgb_best_per_hour,2,214.9177849006561,5.024969190104527,8
58,lin_xgb_best_per_hour,3,237.559679774217,7.364463309111901,8
59,lin_xgb_best_per_hour,4,262.15980277429463,7.5244705961150835,8
60,lin_xgb_best_per_hour,5,291.49983265335925,9.300047687735102,8
61,lin_xgb_best_per_hour,6,318.42388691638115,11.893393216361886,8
62,lin_xgb_best_per_hour,7,346.33589946478884,12.450687699913354,8
63,lin_xgb_best_per_hour,8,372.367250878594,12.743356609906716,8
64,lin_xgb_best_per_hour,9,405.3125315478538,15.171499750943255,8
65,lin_xgb_best_per_hour,10,432.69028864628547,15.840937994633087,8
66,lin_xgb_best_max_hour,0,189.6790619114,0.0,8
67,lin_xgb_best_max_hour,1,197.19846363062823,3.2639327075191114,8
68,lin_xgb_best_max_hour,2,213.02533557409134,4.460722188967118,8
69,lin_xgb_best_max_hour,3,235.0546288370473,6.189184560103057,8
70,lin_xgb_best_max_hour,4,258.5889054149188,8.379770296971937,8
71,lin_xgb_best_max_hour,5,283.4791484314361,10.975989011158752,8
72,lin_xgb_best_max_hour,6,311.73201773689806,10.275507412280803,8
73,lin_xgb_best_max_hour,7,341.9898152875335,12.666472060581443,8
74,lin_xgb_best_max_hour,8,370.8123110020289,14.926087113255116,8
75,lin_xgb_best_max_hour,9,400.90614084226405,13.979255580713447,8
76,lin_xgb_best_max_hour,10,430.6491392151301,15.807019476188534,8
0,linears,0,222.95790981066543,0.0,9
1,linears,1,226.85082072014194,1.6178132838806336,9
2,linears,2,232.26477780779996,2.9144004970246815,9
3,linears,3,241.9619590700048,4.1824485193811,9
4,linears,4,253.16847318950352,5.926770264894144,9
5,linears,5,267.0932411149316,7.008605870023649,9
6,linears,6,281.97273093653354,9.483190389761505,9
7,linears,7,301.42218824745845,11.296549037014428,9
8,linears,8,321.25302146683316,12.608702872048097,9
9,linears,9,344.4902412797404,15.679123130173076,9
10,linears,10,367.9480828049707,17.552005347597586,9
11,ridges,0,223.28130007829822,0.0,9
12,ridges,1,227.07313097841342,1.4955426367402749,9
13,ridges,2,232.99409792194646,2.8436520340647435,9
14,ridges,3,240.51149177250042,3.941278171447003,9
15,ridges,4,252.11948839488363,6.433954445944409,9
16,ridges,5,264.3807074481915,6.859070777216035,9
17,ridges,6,283.50065502821815,9.744079384209913,9
18,ridges,7,300.50364585320057,11.705060448680912,9
19,ridges,8,321.1734451260967,12.735415734031736,9
20,ridges,9,340.69921399958315,15.990776656461648,9
21,ridges,10,364.88316726331834,15.521804035042996,9
22,lassos,0,222.82140682795503,0.0,9
23,lassos,1,226.18039419949682,1.4403095740586564,9
24,lassos,2,231.26097093372232,3.4577150488950834,9
25,lassos,3,239.20138589677717,3.4548652484537437,9
26,lassos,4,250.60938522127634,6.20195842039444,9
27,lassos,5,264.84641852928416,8.423104434774533,9
28,lassos,6,279.6369820337523,9.363472642331445,9
29,lassos,7,295.64307529886884,9.160434541486454,9
30,lassos,8,315.430606213999,11.87738673248586,9
31,lassos,9,338.48063365700733,14.49574831588523,9
32,lassos,10,357.93868001542813,16.372766233593737,9
33,xgb_best_per_hour,0,216.10154351048632,0.0,9
34,xgb_best_per_hour,1,232.85008565572062,2.665094453026884,9
35,xgb_best_per_hour,2,241.50011975461305,4.270027130559644,9
36,xgb_best_per_hour,3,253.4412898926308,6.144204638966113,9
37,xgb_best_per_hour,4,263.72744504006494,6.891466387969215,9
38,xgb_best_per_hour,5,275.89123470806504,7.376673101028926,9
39,xgb_best_per_hour,6,285.74782245603234,8.11137826916517,9
40,xgb_best_per_hour,7,295.7814598153787,7.292857167864202,9
41,xgb_best_per_hour,8,305.2274035113187,8.926868594743016,9
42,xgb_best_per_hour,9,312.83020524742756,7.921691771655123,9
43,xgb_best_per_hour,10,321.5743449628617,9.596938688807613,9
44,xgb_best_max_hour,0,218.06231898479118,0.0,9
45,xgb_best_max_hour,1,235.8454891460545,2.8291194324789015,9
46,xgb_best_max_hour,2,247.48211829995637,5.677080578408211,9
47,xgb_best_max_hour,3,261.618157966125,6.613838559414829,9
48,xgb_best_max_hour,4,275.0498862255372,7.512036998598666,9
49,xgb_best_max_hour,5,290.69283409382496,8.477237497461715,9
50,xgb_best_max_hour,6,303.5837165027408,8.91541183182248,9
51,xgb_best_max_hour,7,312.9805619338459,10.07248704028016,9
52,xgb_best_max_hour,8,325.36234127453514,10.515219111098116,9
53,xgb_best_max_hour,9,338.9969595756369,10.347039733701772,9
54,xgb_best_max_hour,10,346.0284359453303,10.625620119695958,9
55,lin_xgb_best_per_hour,0,229.33988552698892,0.0,9
56,lin_xgb_best_per_hour,1,244.3030736298948,3.8173851440368187,9
57,lin_xgb_best_per_hour,2,261.3663189480847,6.611229246214753,9
58,lin_xgb_best_per_hour,3,284.57827185853455,8.699334530414172,9
59,lin_xgb_best_per_hour,4,308.294597650343,10.521893478915956,9
60,lin_xgb_best_per_hour,5,336.1182785945111,11.93840029137794,9
61,lin_xgb_best_per_hour,6,361.3578423407482,12.071427701259385,9
62,lin_xgb_best_per_hour,7,394.2965326796225,15.828424786335034,9
63,lin_xgb_best_per_hour,8,421.26016343592147,17.83371113139964,9
64,lin_xgb_best_per_hour,9,452.38175434327025,19.22597784735822,9
65,lin_xgb_best_per_hour,10,481.8307865093804,20.51066809622823,9
66,lin_xgb_best_max_hour,0,226.22522451236077,0.0,9
67,lin_xgb_best_max_hour,1,243.0185561765773,3.358678586465939,9
68,lin_xgb_best_max_hour,2,259.07102117037687,6.195942393582182,9
69,lin_xgb_best_max_hour,3,280.24582450896514,7.967228917774301,9
70,lin_xgb_best_max_hour,4,305.17795418525236,9.950487150257262,9
71,lin_xgb_best_max_hour,5,328.8894417371546,10.77635268849924,9
72,lin_xgb_best_max_hour,6,356.6621328577462,14.084427355923353,9
73,lin_xgb_best_max_hour,7,384.8446441710777,13.35807803046027,9
74,lin_xgb_best_max_hour,8,410.1315924079956,17.184310797799803,9
75,lin_xgb_best_max_hour,9,441.9625154330764,18.644729879960583,9
76,lin_xgb_best_max_hour,10,465.6299194109468,18.882617182653217,9
0,linears,0,236.71704133133667,0.0,10
1,linears,1,240.3165033816607,1.7853505393037192,10
2,linears,2,246.5662382059566,3.691811228553565,10
3,linears,3,256.9679310631376,5.790478106490917,10
4,linears,4,272.4536877337046,7.900198392745831,10
5,linears,5,290.21745962485426,8.828048767091667,10
6,linears,6,313.4064225312822,12.322717052051713,10
7,linears,7,341.9225156571498,18.52667394618903,10
8,linears,8,368.3927497279528,14.73028551418559,10
9,linears,9,406.2336089825286,23.640667699085217,10
10,linears,10,437.8854439240597,26.3407522346016,10
11,ridges,0,237.90885966275505,0.0,10
12,ridges,1,240.86240143588122,2.018168085564375,10
13,ridges,2,247.03515043947354,4.089117923834269,10
14,ridges,3,257.125987165649,6.220893442244624,10
15,ridges,4,270.98951904939327,7.527972138487832,10
16,ridges,5,289.20455416514477,9.79057820650714,10
17,ridges,6,314.8824828988487,12.98282419201045,10
18,ridges,7,341.11892176051845,13.35180053768903,10
19,ridges,8,371.1585510435075,19.346841529482987,10
20,ridges,9,398.94622319739824,21.82452812286573,10
21,ridges,10,438.2918007321113,24.407918276167376,10
22,lassos,0,236.94948026212944,0.0,10
23,lassos,1,239.6952771563603,1.9540117227100815,10
24,lassos,2,245.00419062064375,3.428510842095932,10
25,lassos,3,256.1185841085509,5.044475713853451,10
26,lassos,4,269.8318040734128,6.987545427310254,10
27,lassos,5,285.5581264402452,10.838769966202177,10
28,lassos,6,308.57412330581496,11.606182896632653,10
29,lassos,7,334.2642020428882,15.88185814798354,10
30,lassos,8,362.53825143410677,18.93630271373339,10
31,lassos,9,396.86444984939095,22.751792231926512,10
32,lassos,10,433.7281915416201,21.588056336605685,10
33,xgb_best_per_hour,0,219.35495006928946,0.0,10
34,xgb_best_per_hour,1,235.29068075118735,2.419027373464118,10
35,xgb_best_per_hour,2,245.28561780942968,4.5467593744296755,10
36,xgb_best_per_hour,3,260.1823173958505,6.259351227795265,10
37,xgb_best_per_hour,4,277.7433400140276,7.371640840126779,10
38,xgb_best_per_hour,5,292.8222699631518,8.736829192548996,10
39,xgb_best_per_hour,6,312.33828050016695,10.744725228112516,10
40,xgb_best_per_hour,7,328.04424969111875,10.394904176020571,10
41,xgb_best_per_hour,8,341.42776506507107,11.313398155974273,10
42,xgb_best_per_hour,9,353.555907421999,12.067992392600402,10
43,xgb_best_per_hour,10,362.9678859829778,12.255707166309627,10
44,xgb_best_max_hour,0,217.99918810183357,0.0,10
45,xgb_best_max_hour,1,235.08216784766705,2.7349359195850016,10
46,xgb_best_max_hour,2,247.60371932732818,5.311540170889051,10
47,xgb_best_max_hour,3,262.23399204883356,6.47086272231159,10
48,xgb_best_max_hour,4,280.6844509917109,8.567915608961423,10
49,xgb_best_max_hour,5,300.90121779646256,10.038147861667198,10
50,xgb_best_max_hour,6,316.7868731425802,9.66686252108578,10
51,xgb_best_max_hour,7,332.9169499587963,10.678299247621903,10
52,xgb_best_max_hour,8,348.1179867463928,11.068092920585702,10
53,xgb_best_max_hour,9,360.5603637396585,11.435620689321434,10
54,xgb_best_max_hour,10,371.65160606486927,12.062017222926986,10
55,lin_xgb_best_per_hour,0,231.44464628078094,0.0,10
56,lin_xgb_best_per_hour,1,252.3214775108192,3.180866134692268,10
57,lin_xgb_best_per_hour,2,267.869639355829,6.182734462715839,10
58,lin_xgb_best_per_hour,3,291.5127515681984,8.476661499657578,10
59,lin_xgb_best_per_hour,4,319.4622319790103,10.49003334006581,10
60,lin_xgb_best_per_hour,5,352.2447916411779,12.611647632894288,10
61,lin_xgb_best_per_hour,6,385.1947217954732,14.285498272475415,10
62,lin_xgb_best_per_hour,7,419.8955919404824,19.267185783399217,10
63,lin_xgb_best_per_hour,8,455.2861827334626,18.534712586117404,10
64,lin_xgb_best_per_hour,9,500.19120758422105,24.77091378873726,10
65,lin_xgb_best_per_hour,10,535.6140779054131,25.018879977714985,10
66,lin_xgb_best_max_hour,0,229.23387980582157,0.0,10
67,lin_xgb_best_max_hour,1,245.71237706694615,3.995132788780084,10
68,lin_xgb_best_max_hour,2,263.95129768417485,6.732081282943086,10
69,lin_xgb_best_max_hour,3,287.1092072723965,9.627431930697753,10
70,lin_xgb_best_max_hour,4,318.3292584610238,11.302262856844145,10
71,lin_xgb_best_max_hour,5,347.9072428242825,14.142064341775942,10
72,lin_xgb_best_max_hour,6,383.6384058458077,15.686220915849285,10
73,lin_xgb_best_max_hour,7,423.94460251341707,16.970507135358694,10
74,lin_xgb_best_max_hour,8,461.03654319267514,20.592402563994693,10
75,lin_xgb_best_max_hour,9,495.750388721001,23.38955459663072,10
76,lin_xgb_best_max_hour,10,537.7214788815625,24.153469606084762,10
0,linears,0,247.37134383242218,0.0,11
1,linears,1,247.08386816043546,2.116135502218022,11
2,linears,2,251.8711235824594,3.498587229669119,11
3,linears,3,260.2699379719319,5.223456650703458,11
4,linears,4,273.9341193089443,8.62049972990214,11
5,linears,5,290.8082258272162,11.141622422554029,11
6,linears,6,317.6819620724606,14.368284476505346,11
7,linears,7,348.56306534249336,17.804344299345814,11
8,linears,8,377.5614357479654,19.29477571765493,11
9,linears,9,419.8862843190666,23.412917917819108,11
10,linears,10,449.84539528076,25.7721792132731,11
11,ridges,0,249.5952174936348,0.0,11
12,ridges,1,248.9867020541199,1.6698373920088934,11
13,ridges,2,253.1732353042475,4.094912087138137,11
14,ridges,3,260.89319208655064,5.529012074212135,11
15,ridges,4,275.06786036024323,9.354037923752532,11
16,ridges,5,292.25467437849574,11.377709301622634,11
17,ridges,6,314.95208247923745,11.55671717930467,11
18,ridges,7,344.38864168382526,18.61276237661926,11
19,ridges,8,375.75849910680364,17.731872299913675,11
20,ridges,9,410.3603073974851,25.590844908174716,11
21,ridges,10,443.2492684338468,28.167681309957825,11
22,lassos,0,248.08228541308247,0.0,11
23,lassos,1,247.4246679427234,1.9513385242652255,11
24,lassos,2,251.22447963372557,3.8200068146573067,11
25,lassos,3,258.23778438760905,5.372304598117672,11
26,lassos,4,272.2450684291514,7.295066105978409,11
27,lassos,5,289.6563349801703,10.207942833407891,11
28,lassos,6,310.67396928428593,12.198090369053745,11
29,lassos,7,338.3888807492192,16.582007768896503,11
30,lassos,8,370.6607813942642,17.848619799127,11
31,lassos,9,406.09278011391086,22.521792989568375,11
32,lassos,10,443.904749569903,27.280543342341954,11
33,xgb_best_per_hour,0,222.73398116359775,0.0,11
34,xgb_best_per_hour,1,233.9384126154834,2.721094775587867,11
35,xgb_best_per_hour,2,245.28005947723042,3.9886417100119096,11
36,xgb_best_per_hour,3,260.7536370919587,6.4758585773301505,11
37,xgb_best_per_hour,4,280.52409905205167,9.037245276336687,11
38,xgb_best_per_hour,5,299.5178489964651,10.091975168019486,11
39,xgb_best_per_hour,6,317.3658463024215,10.267379953979644,11
40,xgb_best_per_hour,7,335.0928252265641,10.85575077312239,11
41,xgb_best_per_hour,8,352.46198373148735,11.331426328153647,11
42,xgb_best_per_hour,9,365.9026236407112,12.497403422421696,11
43,xgb_best_per_hour,10,379.06143105682247,13.175812081783366,11
44,xgb_best_max_hour,0,220.211111412809,0.0,11
45,xgb_best_max_hour,1,236.66892026840884,2.9266139215140803,11
46,xgb_best_max_hour,2,249.3772326460668,5.859171187997654,11
47,xgb_best_max_hour,3,267.51832408538326,7.733570678837276,11
48,xgb_best_max_hour,4,287.0131787327624,9.510862943736385,11
49,xgb_best_max_hour,5,307.61667697305205,11.318977565884149,11
50,xgb_best_max_hour,6,326.35876279122283,11.18306500240648,11
51,xgb_best_max_hour,7,347.67724106542005,12.73904130542142,11
52,xgb_best_max_hour,8,363.286895574932,11.476157635806654,11
53,xgb_best_max_hour,9,379.61052179763135,14.144027547480581,11
54,xgb_best_max_hour,10,392.73848787615236,13.403209493857105,11
55,lin_xgb_best_per_hour,0,242.12330914679757,0.0,11
56,lin_xgb_best_per_hour,1,258.77388647434634,4.525895549801513,11
57,lin_xgb_best_per_hour,2,279.3670953273148,6.343453095937092,11
58,lin_xgb_best_per_hour,3,308.9797910173186,9.364347193101935,11
59,lin_xgb_best_per_hour,4,340.14166357939547,12.479101934478585,11
60,lin_xgb_best_per_hour,5,376.93481362328356,14.607051285916592,11
61,lin_xgb_best_per_hour,6,417.52234225264147,15.18059628907475,11
62,lin_xgb_best_per_hour,7,456.24939116925384,20.115706683770487,11
63,lin_xgb_best_per_hour,8,507.3780812036107,21.687431498568603,11
64,lin_xgb_best_per_hour,9,550.75782099645,25.511432510266577,11
65,lin_xgb_best_per_hour,10,596.9073379234753,32.80667745772367,11
66,lin_xgb_best_max_hour,0,237.33685783580995,0.0,11
67,lin_xgb_best_max_hour,1,255.07425131192085,3.4050192689279646,11
68,lin_xgb_best_max_hour,2,270.91601972091826,6.137390857037681,11
69,lin_xgb_best_max_hour,3,295.90692543673265,9.656456112568188,11
70,lin_xgb_best_max_hour,4,326.2175937856761,12.347154356683502,11
71,lin_xgb_best_max_hour,5,358.22793762258766,14.354208396537693,11
72,lin_xgb_best_max_hour,6,391.5007182617072,17.204972594669865,11
73,lin_xgb_best_max_hour,7,432.214612709915,17.318416512889616,11
74,lin_xgb_best_max_hour,8,479.09176421151176,24.050337762497282,11
75,lin_xgb_best_max_hour,9,517.2508565502477,23.409965548356535,11
76,lin_xgb_best_max_hour,10,555.0704753143965,28.56594077523071,11
0,linears,0,247.80710498703922,0.0,12
1,linears,1,248.60263418443878,1.752450803482144,12
2,linears,2,251.1005540347631,2.754449034272363,12
3,linears,3,256.98171376045997,4.6480367438992465,12
4,linears,4,266.7492526520306,6.99778695359951,12
5,linears,5,281.7856091390285,8.615396832646894,12
6,linears,6,304.7503862384012,12.27925891255517,12
7,linears,7,327.8090498982976,16.591363920592112,12
8,linears,8,360.5829826040519,22.065145353844308,12
9,linears,9,388.1096346268495,20.09314801196466,12
10,linears,10,428.96746165412253,26.645426106974632,12
11,ridges,0,249.72857012339782,0.0,12
12,ridges,1,250.2732329477525,1.8448437914514277,12
13,ridges,2,252.57859190611686,3.5323243590163607,12
14,ridges,3,258.36264897577655,4.2398062413105,12
15,ridges,4,267.00116331604033,7.1565115252701945,12
16,ridges,5,282.4765619890428,8.767905615686372,12
17,ridges,6,300.2693113222204,12.10569838003411,12
18,ridges,7,326.5362366015916,15.495212127834119,12
19,ridges,8,355.38522813116293,20.65355363339806,12
20,ridges,9,390.9020518263522,19.984702000308236,12
21,ridges,10,422.90090126580975,28.298548753166067,12
22,lassos,0,248.54624848780455,0.0,12
23,lassos,1,248.7754595234527,1.64309947118263,12
24,lassos,2,251.59812564910902,2.9935711777020475,12
25,lassos,3,255.876441141479,4.641475834036781,12
26,lassos,4,264.43710339923166,6.6096401258867505,12
27,lassos,5,279.149797309761,8.49582251532963,12
28,lassos,6,296.50835194546454,11.53501086902936,12
29,lassos,7,320.9147072688958,14.225105038428172,12
30,lassos,8,351.2654876842922,17.250334718931338,12
31,lassos,9,378.147794266408,23.2880027782964,12
32,lassos,10,414.62832987327306,23.070208283096008,12
33,xgb_best_per_hour,0,216.12968507415727,0.0,12
34,xgb_best_per_hour,1,231.02716932195082,2.8162151440802194,12
35,xgb_best_per_hour,2,242.8798414237634,5.738600732013402,12
36,xgb_best_per_hour,3,259.37177038777304,6.872153879058215,12
37,xgb_best_per_hour,4,280.7516519587173,9.409062299601063,12
38,xgb_best_per_hour,5,299.52991238786535,10.835489021970913,12
39,xgb_best_per_hour,6,320.56245384226884,12.164308736722504,12
40,xgb_best_per_hour,7,338.76550123421146,11.251074616367932,12
41,xgb_best_per_hour,8,357.9915076597929,14.110389334909335,12
42,xgb_best_per_hour,9,372.8487104661991,14.460518715781975,12
43,xgb_best_per_hour,10,388.39547307061514,13.296383565276464,12
44,xgb_best_max_hour,0,216.12968507415727,0.0,12
45,xgb_best_max_hour,1,231.018501967685,2.5905928985683526,12
46,xgb_best_max_hour,2,242.52038984784005,5.340788634365181,12
47,xgb_best_max_hour,3,259.59774082458824,7.578002581009452,12
48,xgb_best_max_hour,4,279.37630483642135,8.829294160278863,12
49,xgb_best_max_hour,5,300.6550735765785,11.286446674679103,12
50,xgb_best_max_hour,6,320.06693314581173,12.021707995898414,12
51,xgb_best_max_hour,7,341.5331916823015,12.538632147039593,12
52,xgb_best_max_hour,8,357.8675011199383,15.183932918731815,12
53,xgb_best_max_hour,9,373.0134926159586,14.543796888161202,12
54,xgb_best_max_hour,10,387.7130335456677,14.376639439508542,12
55,lin_xgb_best_per_hour,0,236.45400224928255,0.0,12
56,lin_xgb_best_per_hour,1,254.59480455769827,4.220765804610272,12
57,lin_xgb_best_per_hour,2,272.78428615078127,6.662164410440853,12
58,lin_xgb_best_per_hour,3,298.0949017150066,9.40038952939109,12
59,lin_xgb_best_per_hour,4,327.00460215606853,12.951430378755603,12
60,lin_xgb_best_per_hour,5,361.56798250093414,15.725952446297459,12
61,lin_xgb_best_per_hour,6,400.16305357244687,17.35077853728047,12
62,lin_xgb_best_per_hour,7,436.5762078814785,19.47310428359164,12
63,lin_xgb_best_per_hour,8,482.3368140635281,21.716786901542616,12
64,lin_xgb_best_per_hour,9,530.8126608334312,24.666872311875686,12
65,lin_xgb_best_per_hour,10,572.2448412562287,26.981607912749173,12
66,lin_xgb_best_max_hour,0,232.5225850331923,0.0,12
67,lin_xgb_best_max_hour,1,249.7788758284535,4.258293363346016,12
68,lin_xgb_best_max_hour,2,264.2216168505604,6.57260461630382,12
69,lin_xgb_best_max_hour,3,287.1322746175166,9.014294487457738,12
70,lin_xgb_best_max_hour,4,316.33477112205475,11.221640144320764,12
71,lin_xgb_best_max_hour,5,347.54778274333074,13.698687353165704,12
72,lin_xgb_best_max_hour,6,384.6989334920836,16.488129167186038,12
73,lin_xgb_best_max_hour,7,420.82468683291535,21.35769153947773,12
74,lin_xgb_best_max_hour,8,461.8046424490642,22.914774429139868,12
75,lin_xgb_best_max_hour,9,504.93038944925974,22.85277155040622,12
76,lin_xgb_best_max_hour,10,552.6162692886439,30.8614524181772,12
0,linears,0,236.70457814086683,0.0,13
1,linears,1,244.79457534456077,1.9682615743133633,13
2,linears,2,247.66137456386735,3.8617436688275055,13
3,linears,3,254.68529813973078,5.19375769695969,13
4,linears,4,267.53983343672724,6.722244918686167,13
5,linears,5,284.9807750554548,8.972134544887712,13
6,linears,6,305.9483919030482,11.366324365773139,13
7,linears,7,334.6670347435804,15.990496327918109,13
8,linears,8,367.7600089445313,17.38180319120569,13
9,linears,9,407.98678921986243,21.522230439712093,13
10,linears,10,445.6401132118141,28.000694891054643,13
11,ridges,0,239.00401631902568,0.0,13
12,ridges,1,246.16199318895713,1.595511786468674,13
13,ridges,2,248.68939900149286,3.1740875489219462,13
14,ridges,3,255.9586927742518,4.743897506756399,13
15,ridges,4,266.29154185397283,6.876234420218488,13
16,ridges,5,282.27555984684625,9.153667931487526,13
17,ridges,6,304.80456013124575,11.333515350660061,13
18,ridges,7,329.12909355233415,15.42324437165725,13
19,ridges,8,361.97199917584726,16.584875275504153,13
20,ridges,9,396.9315557683161,20.731059645409623,13
21,ridges,10,439.0792900046412,25.561244379563846,13
22,lassos,0,238.11850970110862,0.0,13
23,lassos,1,243.61293675804296,1.5937234581109534,13
24,lassos,2,245.9118061090185,3.4686551795882443,13
25,lassos,3,250.83847371092313,5.301156014479897,13
26,lassos,4,260.91702699515406,7.028518011704219,13
27,lassos,5,275.5532110687586,8.726458657607328,13
28,lassos,6,295.0659465374948,12.009816528881352,13
29,lassos,7,318.62430185130063,15.945169765131332,13
30,lassos,8,351.9780601547835,17.46262802361015,13
31,lassos,9,381.4530511931708,19.57704000770323,13
32,lassos,10,418.1805059955431,21.87318552327789,13
33,xgb_best_per_hour,0,204.50423788568156,0.0,13
34,xgb_best_per_hour,1,219.82234012462476,3.3204980159075688,13
35,xgb_best_per_hour,2,231.71924186661036,5.499036263801993,13
36,xgb_best_per_hour,3,249.53276518701637,8.360995218076608,13
37,xgb_best_per_hour,4,268.96739835300633,9.545159485239605,13
38,xgb_best_per_hour,5,294.0792072849744,10.70738550161491,13
39,xgb_best_per_hour,6,314.88775382396545,10.546372402096104,13
40,xgb_best_per_hour,7,336.41859850783794,12.078081226379316,13
41,xgb_best_per_hour,8,353.9277131481698,13.841734487341773,13
42,xgb_best_per_hour,9,373.93391672130514,16.685171082166693,13
43,xgb_best_per_hour,10,393.933223366108,15.671918745340848,13
44,xgb_best_max_hour,0,208.6434744919169,0.0,13
45,xgb_best_max_hour,1,222.88688449729995,3.1083749816371777,13
46,xgb_best_max_hour,2,233.73571217992364,5.972630482399058,13
47,xgb_best_max_hour,3,249.57795699946536,6.979294288909527,13
48,xgb_best_max_hour,4,268.16679685472417,8.86777370690419,13
49,xgb_best_max_hour,5,287.7242816752422,10.202186660291083,13
50,xgb_best_max_hour,6,304.0754864059349,10.662683759552078,13
51,xgb_best_max_hour,7,322.88097427235004,10.041949501928093,13
52,xgb_best_max_hour,8,339.8314535713238,12.829513149129449,13
53,xgb_best_max_hour,9,356.2350922886713,14.333910982207879,13
54,xgb_best_max_hour,10,368.5752579692242,14.201203234460804,13
55,lin_xgb_best_per_hour,0,217.33180129056973,0.0,13
56,lin_xgb_best_per_hour,1,235.64566266018213,3.35926494690134,13
57,lin_xgb_best_per_hour,2,251.46156538726393,5.639177878804881,13
58,lin_xgb_best_per_hour,3,276.51927697438566,9.248107316348797,13
59,lin_xgb_best_per_hour,4,307.17758117490376,12.339977222387178,13
60,lin_xgb_best_per_hour,5,338.0346185358092,13.591182879254026,13
61,lin_xgb_best_per_hour,6,381.2463532457669,18.116307559612945,13
62,lin_xgb_best_per_hour,7,424.3807948326311,21.194562942805632,13
63,lin_xgb_best_per_hour,8,464.79789867081195,20.412258234421785,13
64,lin_xgb_best_per_hour,9,521.5757315855658,30.279373957250947,13
65,lin_xgb_best_per_hour,10,563.5977490651146,33.48808243775087,13
66,lin_xgb_best_max_hour,0,217.33180129056973,0.0,13
67,lin_xgb_best_max_hour,1,235.477323045357,3.938642630508891,13
68,lin_xgb_best_max_hour,2,250.21258656749393,5.540726761340956,13
69,lin_xgb_best_max_hour,3,273.96741110018667,8.255144443013902,13
70,lin_xgb_best_max_hour,4,305.08651422571535,11.040879461537932,13
71,lin_xgb_best_max_hour,5,340.1023432082451,14.333487722297608,13
72,lin_xgb_best_max_hour,6,379.21684809688145,17.25928686184093,13
73,lin_xgb_best_max_hour,7,423.1399559488884,19.7590289138086,13
74,lin_xgb_best_max_hour,8,469.59429837755175,23.688629211814995,13
75,lin_xgb_best_max_hour,9,515.3399946231434,29.11289060976203,13
76,lin_xgb_best_max_hour,10,565.2786274521754,29.58959717329752,13
0,linears,0,225.97332554653067,0.0,14
1,linears,1,232.90284515441854,1.600416258215428,14
2,linears,2,235.98471013254428,3.704358041409011,14
3,linears,3,241.57854860303345,4.828550336803529,14
4,linears,4,251.04280690129843,6.188577431229692,14
5,linears,5,266.6972608675151,8.453663749324464,14
6,linears,6,286.91092063231207,10.024888303034567,14
7,linears,7,311.19170634608633,14.01183764896267,14
8,linears,8,343.5902263298634,17.72177253402843,14
9,linears,9,380.06236848578186,22.071285681263962,14
10,linears,10,411.83724386083236,19.87021054092276,14
11,ridges,0,228.5001438492482,0.0,14
12,ridges,1,233.9649553313741,1.5812874330703686,14
13,ridges,2,235.77989166082972,3.132376693276826,14
14,ridges,3,241.0966595086398,5.430421128428396,14
15,ridges,4,249.98930076017214,6.053088623629748,14
16,ridges,5,263.4062386393307,8.015211029274873,14
17,ridges,6,281.67241493172594,10.093197517977286,14
18,ridges,7,304.92759815963115,13.828122983761077,14
19,ridges,8,332.8044902380266,14.451488604465371,14
20,ridges,9,367.0205278321289,21.33017533991534,14
21,ridges,10,400.46284651389857,20.877865120957093,14
22,lassos,0,227.7972088165689,0.0,14
23,lassos,1,231.51200247572964,1.4777666095025372,14
24,lassos,2,233.42829616381053,2.9377590120765547,14
25,lassos,3,237.16377691695976,3.617210804271598,14
26,lassos,4,245.96299324193242,5.563392724388598,14
27,lassos,5,258.04697021677384,7.076961591811013,14
28,lassos,6,273.0487976757742,9.256590951145794,14
29,lassos,7,294.2584917632753,11.328379523601798,14
30,lassos,8,316.1631857437706,14.664256729661146,14
31,lassos,9,346.5726818866905,18.71795310164289,14
32,lassos,10,376.2647504393686,20.577561131520167,14
33,xgb_best_per_hour,0,202.73704254390339,0.0,14
34,xgb_best_per_hour,1,208.95916012284437,2.5565635198096905,14
35,xgb_best_per_hour,2,217.35164499912406,4.799089600748076,14
36,xgb_best_per_hour,3,230.988316907272,5.6960968262081915,14
37,xgb_best_per_hour,4,248.15687388442726,8.641550151489326,14
38,xgb_best_per_hour,5,266.0129563383918,9.977070283809047,14
39,xgb_best_per_hour,6,281.4344013169968,9.500614527910974,14
40,xgb_best_per_hour,7,300.3978214732852,10.411439369909955,14
41,xgb_best_per_hour,8,312.85404780126936,11.733721201514673,14
42,xgb_best_per_hour,9,329.38489160969203,11.377114516991744,14
43,xgb_best_per_hour,10,343.8875361594496,11.034152531432824,14
44,xgb_best_max_hour,0,198.0457961308198,0.0,14
45,xgb_best_max_hour,1,210.33506834527375,2.358710064083818,14
46,xgb_best_max_hour,2,220.1996464179837,4.104275441448496,14
47,xgb_best_max_hour,3,234.20190094543474,6.884158956347582,14
48,xgb_best_max_hour,4,250.44129972297546,8.381873090788915,14
49,xgb_best_max_hour,5,267.0960491114371,8.224200697501887,14
50,xgb_best_max_hour,6,282.79146623351744,8.907182032023272,14
51,xgb_best_max_hour,7,298.30303651535536,10.955494102890986,14
52,xgb_best_max_hour,8,312.65010948534103,10.631468436764173,14
53,xgb_best_max_hour,9,323.68708299257787,11.669230101807557,14
54,xgb_best_max_hour,10,335.25284711251805,10.413633090559763,14
55,lin_xgb_best_per_hour,0,196.04337612380468,0.0,14
56,lin_xgb_best_per_hour,1,210.11160236164633,2.618777680195391,14
57,lin_xgb_best_per_hour,2,218.49045282904842,4.5809727830139515,14
58,lin_xgb_best_per_hour,3,236.28382893060126,6.247949314553137,14
59,lin_xgb_best_per_hour,4,256.6685209855989,8.879412620602803,14
60,lin_xgb_best_per_hour,5,280.8694969971707,11.090824637345346,14
61,lin_xgb_best_per_hour,6,314.1550221220652,14.869139030253747,14
62,lin_xgb_best_per_hour,7,349.6240346233845,19.97273720632243,14
63,lin_xgb_best_per_hour,8,383.97081623454255,21.563049454295562,14
64,lin_xgb_best_per_hour,9,422.59521893357953,25.896067654280493,14
65,lin_xgb_best_per_hour,10,468.2108775317475,28.33593586561321,14
66,lin_xgb_best_max_hour,0,198.49829734796708,0.0,14
67,lin_xgb_best_max_hour,1,213.2343670949774,3.0290714209535508,14
68,lin_xgb_best_max_hour,2,223.19846250230339,4.474837277938819,14
69,lin_xgb_best_max_hour,3,241.35590236538,7.86828139129074,14
70,lin_xgb_best_max_hour,4,264.5788116729756,9.381889757032004,14
71,lin_xgb_best_max_hour,5,293.7730060596476,10.775885593540282,14
72,lin_xgb_best_max_hour,6,324.86020390505496,13.298456552278646,14
73,lin_xgb_best_max_hour,7,356.6384499530447,17.81064651322759,14
74,lin_xgb_best_max_hour,8,394.9403227722447,20.709978408724165,14
75,lin_xgb_best_max_hour,9,440.98971130722384,25.42166230158641,14
76,lin_xgb_best_max_hour,10,481.3782591600873,27.025477692627145,14
0,linears,0,197.30845796888383,0.0,15
1,linears,1,200.41068836806187,1.5197582819154511,15
2,linears,2,202.3944219565313,2.8763209382935826,15
3,linears,3,207.48104845120196,3.93114606318976,15
4,linears,4,216.7692002028942,5.439677993590293,15
5,linears,5,228.77183672506487,6.460169350100354,15
6,linears,6,243.70786042566544,8.55687495216896,15
7,linears,7,264.3620995302241,10.09651774538223,15
8,linears,8,287.29070258057874,11.385903811053769,15
9,linears,9,310.72287170443377,10.94119733427816,15
10,linears,10,341.8136479007516,19.8549413963718,15
11,ridges,0,199.05343463163663,0.0,15
12,ridges,1,201.9275492440207,1.4327181178545363,15
13,ridges,2,203.53622498216035,2.5711430744719013,15
14,ridges,3,208.612205282721,4.054128708370966,15
15,ridges,4,215.75430566491434,4.470316795877027,15
16,ridges,5,227.65733659099698,6.948500036006876,15
17,ridges,6,242.52537141884793,8.155169924382637,15
18,ridges,7,263.5254637668165,10.176319629988122,15
19,ridges,8,280.60537497213625,11.863427337644412,15
20,ridges,9,304.66041418904194,12.902588286896657,15
21,ridges,10,332.9109624769218,15.876484161005578,15
22,lassos,0,198.6125647797766,0.0,15
23,lassos,1,201.06210725129858,1.3637571473857952,15
24,lassos,2,202.93608071246726,2.3665811461411717,15
25,lassos,3,207.08734776535107,3.7815304926561453,15
26,lassos,4,214.90967276784605,5.235511289572969,15
27,lassos,5,226.13247111392346,6.577739553276126,15
28,lassos,6,239.52190704485855,7.13497274228314,15
29,lassos,7,255.70807378988647,9.286239282853037,15
30,lassos,8,275.6206749981435,9.162927987884958,15
31,lassos,9,296.86664827538,13.73182335274325,15
32,lassos,10,325.40853273951575,14.666676065656302,15
33,xgb_best_per_hour,0,173.23570089859317,0.0,15
34,xgb_best_per_hour,1,179.6014028130415,3.595251413971419,15
35,xgb_best_per_hour,2,192.61390067083488,5.6564074949145215,15
36,xgb_best_per_hour,3,212.2146268862938,8.589298977499851,15
37,xgb_best_per_hour,4,230.89309257858048,9.347371417809502,15
38,xgb_best_per_hour,5,247.7872201635024,10.784436377586134,15
39,xgb_best_per_hour,6,266.71711802178623,11.04984063752097,15
40,xgb_best_per_hour,7,282.2318963374332,10.979313052568806,15
41,xgb_best_per_hour,8,298.68445721232257,12.396529249535952,15
42,xgb_best_per_hour,9,314.1993946357085,13.92873422295256,15
43,xgb_best_per_hour,10,324.0875999363707,13.334226351371722,15
44,xgb_best_max_hour,0,175.5008363373529,0.0,15
45,xgb_best_max_hour,1,182.3167979281513,3.0430809077646432,15
46,xgb_best_max_hour,2,194.38576756698163,4.696356268109736,15
47,xgb_best_max_hour,3,211.0695886034686,7.599016392204489,15
48,xgb_best_max_hour,4,226.93336692199617,8.342124392799418,15
49,xgb_best_max_hour,5,244.94480216115517,9.48719630129852,15
50,xgb_best_max_hour,6,261.2290295291482,9.684950493852154,15
51,xgb_best_max_hour,7,276.39737116691794,12.100329899091514,15
52,xgb_best_max_hour,8,288.8931604977455,11.756985786542634,15
53,xgb_best_max_hour,9,300.88920598924096,13.19713361013982,15
54,xgb_best_max_hour,10,311.29489699899716,12.174334252705659,15
55,lin_xgb_best_per_hour,0,173.99127852497665,0.0,15
56,lin_xgb_best_per_hour,1,181.0306759366417,3.28716299667506,15
57,lin_xgb_best_per_hour,2,196.43338230254233,4.562381249610812,15
58,lin_xgb_best_per_hour,3,214.45621193193207,6.696414550838548,15
59,lin_xgb_best_per_hour,4,239.43595598876863,8.350290205364809,15
60,lin_xgb_best_per_hour,5,264.2682391562745,9.60232789677181,15
61,lin_xgb_best_per_hour,6,292.8435479062453,13.398923157646507,15
62,lin_xgb_best_per_hour,7,322.02726303323817,13.023847623231283,15
63,lin_xgb_best_per_hour,8,354.00550285019494,17.36484233711219,15
64,lin_xgb_best_per_hour,9,387.950343703904,20.75096839746112,15
65,lin_xgb_best_per_hour,10,417.1666913024004,20.50058070884552,15
66,lin_xgb_best_max_hour,0,168.23559805309665,0.0,15
67,lin_xgb_best_max_hour,1,175.37462960829467,2.1828118109764003,15
68,lin_xgb_best_max_hour,2,187.25679336251378,4.19894986978461,15
69,lin_xgb_best_max_hour,3,204.46319292409638,5.9209804043997245,15
70,lin_xgb_best_max_hour,4,226.3135731638332,6.945071774710056,15
71,lin_xgb_best_max_hour,5,252.9372613594573,11.078961018608078,15
72,lin_xgb_best_max_hour,6,281.1624319568786,11.981329755132682,15
73,lin_xgb_best_max_hour,7,307.0271647157595,15.311087147989204,15
74,lin_xgb_best_max_hour,8,334.37246907477595,18.196755789170727,15
75,lin_xgb_best_max_hour,9,370.80033882037674,20.40765784454713,15
76,lin_xgb_best_max_hour,10,402.2779030044249,19.991725080700412,15
0,linears,0,158.05217692810425,0.0,16
1,linears,1,165.25563249293998,1.5670180284720432,16
2,linears,2,170.13859369544184,2.8674450365005555,16
3,linears,3,178.56572608951097,4.587755738968887,16
4,linears,4,191.2120318075369,4.820036347789005,16
5,linears,5,207.76830963725936,6.242902679748217,16
6,linears,6,225.09837296285133,7.744363356647807,16
7,linears,7,245.09038200807717,8.718138963794532,16
8,linears,8,266.5700444154993,9.214538104520624,16
9,linears,9,288.4193352738819,10.980980183807254,16
10,linears,10,313.4013147095158,12.739332939255561,16
11,ridges,0,159.10298651761622,0.0,16
12,ridges,1,166.2972488616301,1.6168157370549396,16
13,ridges,2,171.03139649462955,3.3267446631668185,16
14,ridges,3,178.69786370100724,4.263769669442252,16
15,ridges,4,192.29350301076994,5.287435745978219,16
16,ridges,5,207.97381071456905,6.093681116110741,16
17,ridges,6,226.30165423265035,7.063904893930514,16
18,ridges,7,243.99110610409846,9.135658969431729,16
19,ridges,8,267.4081127745941,10.724269463593762,16
20,ridges,9,288.78230600680416,10.745312472732486,16
21,ridges,10,312.73702602883264,13.17640559377594,16
22,lassos,0,158.8624492666558,0.0,16
23,lassos,1,166.25011130273666,1.4969794597533395,16
24,lassos,2,171.6987154423142,2.807630097432148,16
25,lassos,3,181.15851896657728,4.217841718832679,16
26,lassos,4,193.83660135368055,5.668321147630021,16
27,lassos,5,209.01287225035284,6.814898747122893,16
28,lassos,6,226.87684887984165,7.818154032573063,16
29,lassos,7,246.58070427428729,8.222843595004123,16
30,lassos,8,267.16346477867813,9.687845739161597,16
31,lassos,9,292.42333475118636,11.025218475563145,16
32,lassos,10,313.9127280213677,12.310584885538809,16
33,xgb_best_per_hour,0,141.49131353811902,0.0,16
34,xgb_best_per_hour,1,148.53509308738816,3.317802177419232,16
35,xgb_best_per_hour,2,163.99498902920953,5.322897987100163,16
36,xgb_best_per_hour,3,184.64052230384922,6.9486070923133685,16
37,xgb_best_per_hour,4,205.7072570835727,9.05694168399405,16
38,xgb_best_per_hour,5,226.66139491092582,10.192597425415912,16
39,xgb_best_per_hour,6,246.54235239420439,10.779662136683104,16
40,xgb_best_per_hour,7,262.10536847669647,11.659081839869746,16
41,xgb_best_per_hour,8,279.293395356046,10.420484599618412,16
42,xgb_best_per_hour,9,293.9146734238734,11.277034485475227,16
43,xgb_best_per_hour,10,303.8659747995175,12.850645179415663,16
44,xgb_best_max_hour,0,140.2449497775943,0.0,16
45,xgb_best_max_hour,1,147.7464299851768,3.222321664432839,16
46,xgb_best_max_hour,2,164.03229545420888,5.45524372982565,16
47,xgb_best_max_hour,3,185.47359486983413,8.04232313207128,16
48,xgb_best_max_hour,4,209.87949173544405,9.044666240563163,16
49,xgb_best_max_hour,5,230.32650172462013,11.14176775136815,16
50,xgb_best_max_hour,6,247.32620539618017,9.903603716283747,16
51,xgb_best_max_hour,7,265.58079143499936,13.877507364376193,16
52,xgb_best_max_hour,8,277.56128398467064,11.979764548750092,16
53,xgb_best_max_hour,9,293.1188547549862,12.267585971582454,16
54,xgb_best_max_hour,10,301.26073628126676,12.61205345795909,16
55,lin_xgb_best_per_hour,0,134.2990202479009,0.0,16
56,lin_xgb_best_per_hour,1,145.21719062790183,2.6730279978943687,16
57,lin_xgb_best_per_hour,2,158.60890272558814,4.502860415329861,16
58,lin_xgb_best_per_hour,3,177.32385727310805,6.141958040128501,16
59,lin_xgb_best_per_hour,4,200.43463111219708,7.766303928904155,16
60,lin_xgb_best_per_hour,5,226.5211424453242,9.960572461214847,16
61,lin_xgb_best_per_hour,6,250.3238510303706,9.189365028567547,16
62,lin_xgb_best_per_hour,7,277.22428784719983,10.129493130518297,16
63,lin_xgb_best_per_hour,8,303.187852919835,12.007480147854569,16
64,lin_xgb_best_per_hour,9,334.2129245996342,12.806627637662158,16
65,lin_xgb_best_per_hour,10,361.8135290360295,14.057631651970272,16
66,lin_xgb_best_max_hour,0,132.4215531990232,0.0,16
67,lin_xgb_best_max_hour,1,147.08614372348353,2.6805054817937144,16
68,lin_xgb_best_max_hour,2,162.3600502499803,4.878270321162509,16
69,lin_xgb_best_max_hour,3,182.0363021818135,6.044182861131823,16
70,lin_xgb_best_max_hour,4,205.65432864081296,7.9186668980698585,16
71,lin_xgb_best_max_hour,5,230.75210819204494,8.357138893839855,16
72,lin_xgb_best_max_hour,6,256.7064368749603,10.437357437945684,16
73,lin_xgb_best_max_hour,7,284.00590665864974,13.386209129686387,16
74,lin_xgb_best_max_hour,8,311.3188900430766,13.609085076318593,16
75,lin_xgb_best_max_hour,9,339.72698723898213,13.087156777159754,16
76,lin_xgb_best_max_hour,10,370.04237085117416,13.553674815397086,16
0,linears,0,134.78037197536977,0.0,17
1,linears,1,139.89433369215652,1.2332903434575593,17
2,linears,2,144.5602795563342,2.5580819764586953,17
3,linears,3,152.75524682557756,2.7847855821400342,17
4,linears,4,163.8521906137207,4.235247539395793,17
5,linears,5,176.99876513681983,5.478649776653007,17
6,linears,6,193.6739953781599,7.21449147430773,17
7,linears,7,211.0518101346931,7.555304444128791,17
8,linears,8,232.32589101092913,9.276136699629822,17
9,linears,9,250.81680328261,10.84666292515081,17
10,linears,10,271.5227712747042,10.312219256551685,17
11,ridges,0,135.3608340937837,0.0,17
12,ridges,1,140.68979559755851,1.3661665161469212,17
13,ridges,2,145.32684584127804,2.150023185627202,17
14,ridges,3,153.17322326843475,3.605757276976909,17
15,ridges,4,164.1322200035063,4.336380634141645,17
16,ridges,5,176.83843302983013,5.8620140877364975,17
17,ridges,6,193.63931137612508,6.135442236714434,17
18,ridges,7,210.51026063365924,7.111028918216389,17
19,ridges,8,228.74202552079635,8.262495416998375,17
20,ridges,9,247.84686521949843,11.615126206675514,17
21,ridges,10,267.3895222176673,10.266518934058858,17
22,lassos,0,135.5088152218949,0.0,17
23,lassos,1,140.5794717758886,1.3049530105074667,17
24,lassos,2,145.59836556973582,2.450545504862512,17
25,lassos,3,153.24429247395975,3.6802517015947926,17
26,lassos,4,163.93262164780504,4.434556197761295,17
27,lassos,5,176.62103329389308,5.27365515121946,17
28,lassos,6,192.14333566483364,6.242811410224526,17
29,lassos,7,207.5999275214856,7.5864864008091635,17
30,lassos,8,227.06625640795713,8.32184700368422,17
31,lassos,9,244.3612787274469,9.344019444628156,17
32,lassos,10,262.8923302794522,9.05172561638873,17
33,xgb_best_per_hour,0,124.59886950158815,0.0,17
34,xgb_best_per_hour,1,129.86322771546835,3.0540759915940585,17
35,xgb_best_per_hour,2,149.263537013744,6.033321518060795,17
36,xgb_best_per_hour,3,174.6206456044032,7.559009282711533,17
37,xgb_best_per_hour,4,196.76726296448953,9.212642324243106,17
38,xgb_best_per_hour,5,217.28933731794416,10.496273599078814,17
39,xgb_best_per_hour,6,235.55013519601948,10.68190003430405,17
40,xgb_best_per_hour,7,252.68131984663356,11.988763738126327,17
41,xgb_best_per_hour,8,267.2387825376245,12.426011586794969,17
42,xgb_best_per_hour,9,282.0887934799518,11.1912397988804,17
43,xgb_best_per_hour,10,289.7006864622862,12.406257539467424,17
44,xgb_best_max_hour,0,126.27866956715094,0.0,17
45,xgb_best_max_hour,1,130.73029003256278,3.0842753766612407,17
46,xgb_best_max_hour,2,150.03888410229766,5.2537851162346545,17
47,xgb_best_max_hour,3,172.3557159213581,7.936216267381709,17
48,xgb_best_max_hour,4,193.7651363227255,10.196371560241348,17
49,xgb_best_max_hour,5,215.02405355306092,10.315066028682496,17
50,xgb_best_max_hour,6,232.50072358863264,11.314319018036107,17
51,xgb_best_max_hour,7,247.1046646326839,11.099995271635144,17
52,xgb_best_max_hour,8,262.76266694074906,11.935297367550548,17
53,xgb_best_max_hour,9,276.39192228728535,12.943363345396246,17
54,xgb_best_max_hour,10,287.5660239509006,12.840032165683347,17
55,lin_xgb_best_per_hour,0,115.65259301747172,0.0,17
56,lin_xgb_best_per_hour,1,127.48182564292128,2.539534978792381,17
57,lin_xgb_best_per_hour,2,143.17725202799886,4.275555578631175,17
58,lin_xgb_best_per_hour,3,161.92783528196776,6.294579299924691,17
59,lin_xgb_best_per_hour,4,182.88096918604316,7.778933235002941,17
60,lin_xgb_best_per_hour,5,206.6970239569842,8.85966891689354,17
61,lin_xgb_best_per_hour,6,231.35393580938631,9.913779330996492,17
62,lin_xgb_best_per_hour,7,256.1789122020906,10.407877419408369,17
63,lin_xgb_best_per_hour,8,278.8788824025322,10.30865335791585,17
64,lin_xgb_best_per_hour,9,305.7340716381375,11.576158779227173,17
65,lin_xgb_best_per_hour,10,328.97928496332935,12.128573227042017,17
66,lin_xgb_best_max_hour,0,114.69608419104726,0.0,17
67,lin_xgb_best_max_hour,1,128.37970092942908,2.9917204237943498,17
68,lin_xgb_best_max_hour,2,144.95039991472584,4.921122363956245,17
69,lin_xgb_best_max_hour,3,166.7171927674149,6.791487960950933,17
70,lin_xgb_best_max_hour,4,189.56469954729354,7.766609626000922,17
71,lin_xgb_best_max_hour,5,212.8486355593281,8.1639758118158,17
72,lin_xgb_best_max_hour,6,237.00570734667133,9.508371440553349,17
73,lin_xgb_best_max_hour,7,263.993041074268,9.776687243448526,17
74,lin_xgb_best_max_hour,8,285.68774725692384,11.376382641376244,17
75,lin_xgb_best_max_hour,9,312.31154169501883,11.66544817718184,17
76,lin_xgb_best_max_hour,10,337.96280632355933,11.912653535628179,17
0,linears,0,116.98683925322372,0.0,18
1,linears,1,121.52849924926346,1.4643672344076115,18
2,linears,2,128.8183197177927,2.6930136483485017,18
3,linears,3,139.99529627036083,4.232825187646102,18
4,linears,4,154.15647089661925,5.412355706157689,18
5,linears,5,170.71753593668535,6.436436000305497,18
6,linears,6,188.80583423489955,7.278481810276969,18
7,linears,7,208.8380632996706,9.628586575733786,18
8,linears,8,225.56240172429133,8.717922141102873,18
9,linears,9,246.066076879401,9.642309958030124,18
10,linears,10,265.04626610203263,12.422856922336779,18
11,ridges,0,117.59886183032306,0.0,18
12,ridges,1,122.54800178873022,1.3946205766588657,18
13,ridges,2,129.6627007227072,2.9371729926612717,18
14,ridges,3,140.62411447134423,4.332879934104237,18
15,ridges,4,154.79847831467768,5.778681378254192,18
16,ridges,5,172.8564172670315,6.11121344388811,18
17,ridges,6,187.53473244997716,6.7855461890562365,18
18,ridges,7,205.78357457415538,9.435445304015179,18
19,ridges,8,225.31248557099377,9.146573656371357,18
20,ridges,9,243.8175972690415,10.20528240336842,18
21,ridges,10,263.7705303930234,11.603382528379447,18
22,lassos,0,117.93230992637415,0.0,18
23,lassos,1,123.0299199915691,1.5697295325313274,18
24,lassos,2,130.7113926254724,2.682324413104417,18
25,lassos,3,142.687223937398,3.7963101147391995,18
26,lassos,4,157.35295309830636,5.3049137255708025,18
27,lassos,5,174.14250369692905,6.877970760465896,18
28,lassos,6,191.6872070639146,7.651771780283656,18
29,lassos,7,211.46706582381125,7.302133118947154,18
30,lassos,8,229.21423403317695,10.046516543330876,18
31,lassos,9,249.35704892555103,9.813326171053443,18
32,lassos,10,269.6782453658258,11.951470037596318,18
33,xgb_best_per_hour,0,118.3849250306242,0.0,18
34,xgb_best_per_hour,1,123.78871979678212,2.6167947925581223,18
35,xgb_best_per_hour,2,140.7136201528215,5.141425947143967,18
36,xgb_best_per_hour,3,159.48316670823158,6.788937692335987,18
37,xgb_best_per_hour,4,177.7187975894004,8.135046679289834,18
38,xgb_best_per_hour,5,195.7797871942542,7.931202788906895,18
39,xgb_best_per_hour,6,210.3739654137137,10.36355676383054,18
40,xgb_best_per_hour,7,223.75010044132162,9.735676734388903,18
41,xgb_best_per_hour,8,235.51824914880766,9.715334459163042,18
42,xgb_best_per_hour,9,247.45591356149515,11.164472884177407,18
43,xgb_best_per_hour,10,256.3979293622669,10.944899073231642,18
44,xgb_best_max_hour,0,117.95329525246689,0.0,18
45,xgb_best_max_hour,1,123.69085833965883,2.910667492093597,18
46,xgb_best_max_hour,2,140.16696712918184,4.810332199624514,18
47,xgb_best_max_hour,3,158.63796675999447,5.962803629680767,18
48,xgb_best_max_hour,4,177.6267009981858,6.956148499703999,18
49,xgb_best_max_hour,5,195.0172040730864,9.087702873614624,18
50,xgb_best_max_hour,6,210.76251327891623,9.213040960746525,18
51,xgb_best_max_hour,7,223.57990448680385,9.882063761728972,18
52,xgb_best_max_hour,8,236.63808292380145,11.437500046619364,18
53,xgb_best_max_hour,9,247.3352309581778,10.622828028475249,18
54,xgb_best_max_hour,10,255.6362362266695,10.362007771102016,18
55,lin_xgb_best_per_hour,0,108.82906306453933,0.0,18
56,lin_xgb_best_per_hour,1,118.66751288023914,2.0849962132486892,18
57,lin_xgb_best_per_hour,2,130.50471661726522,3.5362013600654523,18
58,lin_xgb_best_per_hour,3,147.31455945808204,5.720686415607461,18
59,lin_xgb_best_per_hour,4,165.546890231123,5.9521429956039755,18
60,lin_xgb_best_per_hour,5,187.56218955231373,7.562721697595834,18
61,lin_xgb_best_per_hour,6,208.59173200908648,8.305259990113766,18
62,lin_xgb_best_per_hour,7,231.29452135240157,9.886776602915065,18
63,lin_xgb_best_per_hour,8,251.01710392026314,9.694113610262242,18
64,lin_xgb_best_per_hour,9,274.03682973453886,11.827517093627451,18
65,lin_xgb_best_per_hour,10,296.3102673922449,13.253892401134499,18
66,lin_xgb_best_max_hour,0,107.90178732365234,0.0,18
67,lin_xgb_best_max_hour,1,122.84453680694035,3.049557096367967,18
68,lin_xgb_best_max_hour,2,138.85354523101313,4.221702244684339,18
69,lin_xgb_best_max_hour,3,158.6125280008233,6.600049796480546,18
70,lin_xgb_best_max_hour,4,181.2562030113596,7.556517362018283,18
71,lin_xgb_best_max_hour,5,205.3681417289078,8.617441923846783,18
72,lin_xgb_best_max_hour,6,226.92564888589305,7.676710332198445,18
73,lin_xgb_best_max_hour,7,252.9306905546168,12.262090696466686,18
74,lin_xgb_best_max_hour,8,275.6451655206224,11.306585545211124,18
75,lin_xgb_best_max_hour,9,295.6727442015068,12.742181490246953,18
76,lin_xgb_best_max_hour,10,321.78396273949477,12.310327556900274,18
0,linears,0,102.38655591088269,0.0,19
1,linears,1,105.17944867432989,1.46593228099685,19
2,linears,2,113.34576014119726,2.639294395040222,19
3,linears,3,126.85873902558411,4.046634700128558,19
4,linears,4,142.04904438944266,5.234752006942452,19
5,linears,5,159.6096485450365,6.009462868360869,19
6,linears,6,177.81477650579512,6.495356750605144,19
7,linears,7,196.4310091382035,8.439602216949401,19
8,linears,8,215.50823033699504,9.322004904800592,19
9,linears,9,236.62863410575156,10.440266147424959,19
10,linears,10,253.88346554341535,10.901076992341913,19
11,ridges,0,102.96370585685172,0.0,19
12,ridges,1,106.06300597958308,1.5440922258476346,19
13,ridges,2,114.14244941213167,2.6176228904551664,19
14,ridges,3,126.59852804621501,4.13512657692325,19
15,ridges,4,141.62627175508356,5.086697005711132,19
16,ridges,5,156.8892464026648,6.178455951910749,19
17,ridges,6,175.37373444072645,7.582093939590552,19
18,ridges,7,194.7477831507114,8.63335755536112,19
19,ridges,8,213.44732405289113,9.697578276958877,19
20,ridges,9,234.32853281451375,9.599931419235492,19
21,ridges,10,252.55179283316676,10.715072182782924,19
22,lassos,0,103.44452008496305,0.0,19
23,lassos,1,106.57790937494676,1.477775521017925,19
24,lassos,2,115.3581758543281,2.889333052946775,19
25,lassos,3,127.6931479197149,4.173136069820165,19
26,lassos,4,143.46695195631222,5.788395380391173,19
27,lassos,5,161.38210768535245,6.069242406736911,19
28,lassos,6,178.00872959329675,7.055331649810253,19
29,lassos,7,198.9970895664367,8.353833572509028,19
30,lassos,8,217.49396374258941,9.281635337137773,19
31,lassos,9,237.95864185524297,9.229140156914088,19
32,lassos,10,258.55504934930696,12.622487773688135,19
33,xgb_best_per_hour,0,108.38608439594252,0.0,19
34,xgb_best_per_hour,1,109.99424298896967,2.1626516280770876,19
35,xgb_best_per_hour,2,121.90394406497627,4.207947554519719,19
36,xgb_best_per_hour,3,137.2778098657822,5.546645470701834,19
37,xgb_best_per_hour,4,151.3877734232517,7.087956021298735,19
38,xgb_best_per_hour,5,165.93313140314444,6.878695710824622,19
39,xgb_best_per_hour,6,176.98296898299435,9.52439809878536,19
40,xgb_best_per_hour,7,190.35598739900692,9.42415983055912,19
41,xgb_best_per_hour,8,198.40918652761104,10.806810498493045,19
42,xgb_best_per_hour,9,206.97861948049055,10.130350668572547,19
43,xgb_best_per_hour,10,214.19248444351243,8.77602487372932,19
44,xgb_best_max_hour,0,108.38608439594252,0.0,19
45,xgb_best_max_hour,1,109.85132930016835,2.0408228727839015,19
46,xgb_best_max_hour,2,122.93103685059897,3.9295406055064404,19
47,xgb_best_max_hour,3,137.22764147189454,4.634873176883996,19
48,xgb_best_max_hour,4,152.56030247419068,6.402903953743567,19
49,xgb_best_max_hour,5,164.41791187879474,7.6288982179843385,19
50,xgb_best_max_hour,6,177.06966356227235,9.574822561720893,19
51,xgb_best_max_hour,7,187.78249409352875,9.529931484665424,19
52,xgb_best_max_hour,8,198.7300114012278,9.435869739061026,19
53,xgb_best_max_hour,9,205.4881963481566,9.823252583217469,19
54,xgb_best_max_hour,10,212.65732878717287,10.417086943200271,19
55,lin_xgb_best_per_hour,0,98.69607587293677,0.0,19
56,lin_xgb_best_per_hour,1,104.46249845695935,1.8121360290077946,19
57,lin_xgb_best_per_hour,2,115.82368666675855,3.0771275506589872,19
58,lin_xgb_best_per_hour,3,131.24982773955028,4.234567711013243,19
59,lin_xgb_best_per_hour,4,149.2521754726803,5.473324165077935,19
60,lin_xgb_best_per_hour,5,167.64916917867035,6.446806294581585,19
61,lin_xgb_best_per_hour,6,190.3270947773513,7.540955547995744,19
62,lin_xgb_best_per_hour,7,209.81949318534305,8.818215810655703,19
63,lin_xgb_best_per_hour,8,229.79776644313282,9.737912519092353,19
64,lin_xgb_best_per_hour,9,250.65991916702734,12.138250138198831,19
65,lin_xgb_best_per_hour,10,270.8437862509664,12.238633821809147,19
66,lin_xgb_best_max_hour,0,96.54622269423882,0.0,19
67,lin_xgb_best_max_hour,1,103.94810078813217,1.8624016526105223,19
68,lin_xgb_best_max_hour,2,115.26463558083744,3.3774347782198446,19
69,lin_xgb_best_max_hour,3,129.8181496118098,4.166447343522453,19
70,lin_xgb_best_max_hour,4,147.55785493214614,5.748202920674932,19
71,lin_xgb_best_max_hour,5,165.54113336327916,6.8729236360309764,19
72,lin_xgb_best_max_hour,6,186.61010871465368,7.726498205279391,19
73,lin_xgb_best_max_hour,7,203.98821942808667,8.945396094079138,19
74,lin_xgb_best_max_hour,8,224.4633676012518,10.843280404216374,19
75,lin_xgb_best_max_hour,9,244.0336037108409,10.744748948299174,19
76,lin_xgb_best_max_hour,10,263.60751224630496,12.149153115239402,19
0,linears,0,92.18229644852576,0.0,20
1,linears,1,92.72407914969885,1.3054463860003391,20
2,linears,2,99.81810892565173,2.4583637159064766,20
3,linears,3,110.03133989354333,3.6216486346748202,20
4,linears,4,124.06832254843128,4.624975566474749,20
5,linears,5,137.86707903859175,5.310777265747877,20
6,linears,6,154.64014853030002,5.094864300566725,20
7,linears,7,171.82646800520877,7.433516624727498,20
8,linears,8,187.31899766715065,8.275755057608531,20
9,linears,9,206.1290248828849,8.948958888023524,20
10,linears,10,222.64397173352475,9.749801899844904,20
11,ridges,0,92.68142830258807,0.0,20
12,ridges,1,93.17955853942777,1.153450129763231,20
13,ridges,2,100.08641583694214,2.415009001323538,20
14,ridges,3,110.54726568448285,3.5818743444627237,20
15,ridges,4,122.9460116326392,4.480082294896023,20
16,ridges,5,138.00686210295882,5.317507606403058,20
17,ridges,6,153.41402152424834,5.831015575698254,20
18,ridges,7,168.92878670543968,6.424396630004674,20
19,ridges,8,186.16209996509414,7.953130302419788,20
20,ridges,9,203.13836586119996,8.420148760545668,20
21,ridges,10,219.49159729953644,9.020632794290806,20
22,lassos,0,93.1457298965036,0.0,20
23,lassos,1,93.74244042450077,1.2734602338789205,20
24,lassos,2,100.8410993426989,2.5143936728030396,20
25,lassos,3,111.26836810658102,3.558869589503142,20
26,lassos,4,123.55029711833951,4.149092929614155,20
27,lassos,5,139.13318326760782,5.21362415986816,20
28,lassos,6,154.50079270869205,6.937678353786426,20
29,lassos,7,169.714743826223,6.98200145332002,20
30,lassos,8,186.13603380563393,8.47178254469399,20
31,lassos,9,204.2307633159232,9.702852361729624,20
32,lassos,10,221.42000477929977,8.702510874362897,20
33,xgb_best_per_hour,0,108.22254936848341,0.0,20
34,xgb_best_per_hour,1,105.66908608138456,1.730788646236584,20
35,xgb_best_per_hour,2,117.31439490119668,3.082634749012924,20
36,xgb_best_per_hour,3,130.9740848040406,5.04012579895221,20
37,xgb_best_per_hour,4,144.02769124006664,5.71652655597021,20
38,xgb_best_per_hour,5,155.01110939880314,6.667491633001717,20
39,xgb_best_per_hour,6,166.53161976353806,7.639508780078496,20
40,xgb_best_per_hour,7,174.22948899289597,8.43638086036706,20
41,xgb_best_per_hour,8,181.13694781771505,9.261817703957213,20
42,xgb_best_per_hour,9,189.03244121013694,10.070477598579876,20
43,xgb_best_per_hour,10,195.09519560700576,9.5286399649411,20
44,xgb_best_max_hour,0,109.1076876905404,0.0,20
45,xgb_best_max_hour,1,107.01859339648439,1.5215405061445744,20
46,xgb_best_max_hour,2,118.25869975892485,3.295150182420649,20
47,xgb_best_max_hour,3,131.62614083229502,4.415594484494709,20
48,xgb_best_max_hour,4,143.8661269108317,6.522042616067231,20
49,xgb_best_max_hour,5,155.66414455995059,6.257759671091677,20
50,xgb_best_max_hour,6,166.68513067916112,7.291791076736834,20
51,xgb_best_max_hour,7,176.5300001406483,8.313880981973435,20
52,xgb_best_max_hour,8,183.9295053406765,8.43664402629656,20
53,xgb_best_max_hour,9,190.7298126360881,9.286877337080615,20
54,xgb_best_max_hour,10,197.508780965096,10.877268262485847,20
55,lin_xgb_best_per_hour,0,87.81219187727173,0.0,20
56,lin_xgb_best_per_hour,1,90.75745028438838,1.4014986076154121,20
57,lin_xgb_best_per_hour,2,99.3521261312874,2.5186865657178292,20
58,lin_xgb_best_per_hour,3,111.72578912547752,3.599144068754321,20
59,lin_xgb_best_per_hour,4,126.29937897802475,4.805138305888329,20
60,lin_xgb_best_per_hour,5,141.99885918211828,4.808957516671455,20
61,lin_xgb_best_per_hour,6,158.43386766224327,6.915657768135484,20
62,lin_xgb_best_per_hour,7,177.47706444991607,6.946412964319436,20
63,lin_xgb_best_per_hour,8,193.31144811707625,8.797301024177163,20
64,lin_xgb_best_per_hour,9,212.80165938614016,10.426262913601677,20
65,lin_xgb_best_per_hour,10,228.58110339860036,10.677371782682508,20
66,lin_xgb_best_max_hour,0,85.57557725251071,0.0,20
67,lin_xgb_best_max_hour,1,90.86797170935468,1.6886429144501525,20
68,lin_xgb_best_max_hour,2,99.92358960884239,2.774888326826749,20
69,lin_xgb_best_max_hour,3,112.83720376649966,4.299722991643727,20
70,lin_xgb_best_max_hour,4,128.59873263420593,5.231809710359055,20
71,lin_xgb_best_max_hour,5,144.95319347307466,5.511381225029868,20
72,lin_xgb_best_max_hour,6,160.98345785710617,6.557231059972789,20
73,lin_xgb_best_max_hour,7,176.29682812663413,7.283332075627476,20
74,lin_xgb_best_max_hour,8,195.1543261534623,7.5317168149689975,20
75,lin_xgb_best_max_hour,9,212.85547994335747,8.262474299347346,20
76,lin_xgb_best_max_hour,10,229.75115650523676,11.04217580534675,20
0,linears,0,82.12706357123207,0.0,21
1,linears,1,81.14113883860459,0.9724651947317278,21
2,linears,2,86.89166744397644,2.10097139764695,21
3,linears,3,95.65575933072783,2.8229135844282878,21
4,linears,4,106.45465093869389,3.74398233539906,21
5,linears,5,117.12233939608119,4.275996014436494,21
6,linears,6,130.12599952404778,5.122672480877338,21
7,linears,7,142.4285257286436,5.278472831002537,21
8,linears,8,155.7156331513415,6.975182135948783,21
9,linears,9,170.67105444774882,8.29290169327934,21
10,linears,10,185.23513196335836,9.114952970958036,21
11,ridges,0,82.4797858136448,0.0,21
12,ridges,1,81.34789027284764,1.1645337004197913,21
13,ridges,2,87.15013537750139,2.179344993262064,21
14,ridges,3,95.46816669348776,2.833542683537691,21
15,ridges,4,104.71252949673166,3.663672722196151,21
16,ridges,5,116.47102357443202,5.060238968716329,21
17,ridges,6,128.52726232627822,5.238633066340607,21
18,ridges,7,141.95717484858352,5.548523761581842,21
19,ridges,8,155.40426480745066,6.758840304088131,21
20,ridges,9,168.6348488046672,7.323609164327972,21
21,ridges,10,183.30918446483975,8.603535614700439,21
22,lassos,0,83.13170000066157,0.0,21
23,lassos,1,82.13222404236824,0.9559673282733047,21
24,lassos,2,87.66323605669298,1.9780512785478794,21
25,lassos,3,95.84956433142787,2.683983150142051,21
26,lassos,4,105.74716863952,3.6665994527061643,21
27,lassos,5,117.47716196171808,4.298466116185778,21
28,lassos,6,128.89642474392846,5.169885736426757,21
29,lassos,7,139.946226630291,6.107988657050639,21
30,lassos,8,154.77410773188055,6.588091132239672,21
31,lassos,9,167.8145657266023,6.715970849806548,21
32,lassos,10,181.0239767329015,8.786153212348653,21
33,xgb_best_per_hour,0,96.97528133660869,0.0,21
34,xgb_best_per_hour,1,95.0721280721038,1.500882637138029,21
35,xgb_best_per_hour,2,103.38053631340539,2.473694261030169,21
36,xgb_best_per_hour,3,114.17091020533466,4.190665429079474,21
37,xgb_best_per_hour,4,124.87662872918514,4.862278221915995,21
38,xgb_best_per_hour,5,134.25253140441038,5.639203395767373,21
39,xgb_best_per_hour,6,144.82896926578417,7.015023980100837,21
40,xgb_best_per_hour,7,152.2613888587328,6.987868827249949,21
41,xgb_best_per_hour,8,159.50035998647633,6.815839323488111,21
42,xgb_best_per_hour,9,165.3612164316237,7.564786154571139,21
43,xgb_best_per_hour,10,170.88456777190873,7.328833950876562,21
44,xgb_best_max_hour,0,97.42138678771177,0.0,21
45,xgb_best_max_hour,1,94.06771431862022,1.5625992057030635,21
46,xgb_best_max_hour,2,102.26638929021324,2.887012575774242,21
47,xgb_best_max_hour,3,112.57321574938226,3.9904226588584595,21
48,xgb_best_max_hour,4,124.00470384124725,4.325557983843114,21
49,xgb_best_max_hour,5,132.93616945010362,5.07144159611723,21
50,xgb_best_max_hour,6,141.69092925589368,6.121694571552267,21
51,xgb_best_max_hour,7,148.93815564713404,5.895798149939339,21
52,xgb_best_max_hour,8,157.4493823734957,6.737929690598906,21
53,xgb_best_max_hour,9,162.95060097094526,7.620418343693143,21
54,xgb_best_max_hour,10,170.09691043528738,7.9987577037739825,21
55,lin_xgb_best_per_hour,0,79.5816447090671,0.0,21
56,lin_xgb_best_per_hour,1,81.29026327600644,1.1786880937072433,21
57,lin_xgb_best_per_hour,2,88.51170185638004,2.370483744615103,21
58,lin_xgb_best_per_hour,3,97.82465526272863,3.1016722134561694,21
59,lin_xgb_best_per_hour,4,109.94089159202035,4.179383842289784,21
60,lin_xgb_best_per_hour,5,122.1239548486304,4.845871702562642,21
61,lin_xgb_best_per_hour,6,136.54092838838002,5.3227980772643715,21
62,lin_xgb_best_per_hour,7,149.5668524096975,6.781237205488081,21
63,lin_xgb_best_per_hour,8,166.6504984739323,7.446517888158521,21
64,lin_xgb_best_per_hour,9,178.53018723560714,7.63280543704987,21
65,lin_xgb_best_per_hour,10,194.40329826727717,8.395242301723934,21
66,lin_xgb_best_max_hour,0,77.86926655006499,0.0,21
67,lin_xgb_best_max_hour,1,81.22358106286256,1.490304665351097,21
68,lin_xgb_best_max_hour,2,88.08488007646476,2.4753922853223753,21
69,lin_xgb_best_max_hour,3,97.7480717931346,3.2846958203023764,21
70,lin_xgb_best_max_hour,4,109.94343337358876,4.591880800359833,21
71,lin_xgb_best_max_hour,5,121.45253196086296,5.562947281925339,21
72,lin_xgb_best_max_hour,6,135.1940463084277,5.488400354900426,21
73,lin_xgb_best_max_hour,7,149.39960451721421,6.557372327514957,21
74,lin_xgb_best_max_hour,8,165.10796055822627,7.047961266359526,21
75,lin_xgb_best_max_hour,9,179.58499152559128,8.009180815366157,21
76,lin_xgb_best_max_hour,10,194.3460575892061,8.54133251305021,21
0,linears,0,79.43490905727482,0.0,22
1,linears,1,77.4106199456726,0.8659050117311362,22
2,linears,2,82.41108108490599,1.822584729742517,22
3,linears,3,90.02143446149952,2.890659770895882,22
4,linears,4,98.55601827131585,3.63596101900214,22
5,linears,5,108.71310688990354,3.9090538958364296,22
6,linears,6,119.08066191397224,5.095063032791255,22
7,linears,7,130.66297945728994,5.549818879770304,22
8,linears,8,142.53670029620957,7.246073941443471,22
9,linears,9,155.7114112458856,7.4090282603039865,22
10,linears,10,167.80914567743233,7.445106994810352,22
11,ridges,0,79.82609381067672,0.0,22
12,ridges,1,78.02014567256998,0.9085181246808023,22
13,ridges,2,82.4796971120164,1.742571164872826,22
14,ridges,3,89.92687324661897,2.4472618925501584,22
15,ridges,4,98.74756205316925,3.4380699180779573,22
16,ridges,5,108.42511419402797,3.76246410383623,22
17,ridges,6,118.55448588042061,5.146073927214875,22
18,ridges,7,129.92361237709605,5.262381043787704,22
19,ridges,8,142.25963952450408,6.072648039310131,22
20,ridges,9,153.67624712839475,6.89731618792654,22
21,ridges,10,166.78450701918152,7.991910039170987,22
22,lassos,0,80.58553247874333,0.0,22
23,lassos,1,78.86487894268681,0.9275518843066382,22
24,lassos,2,83.45921978930296,1.676274282988095,22
25,lassos,3,90.91053702562762,2.696276041200409,22
26,lassos,4,98.77084990252317,3.6731636013322424,22
27,lassos,5,108.65373475471365,4.108233824098487,22
28,lassos,6,118.44218785170908,5.360443924742338,22
29,lassos,7,129.90661123882683,5.838843448907094,22
30,lassos,8,142.10305598611677,6.287465409229847,22
31,lassos,9,154.7659829947124,7.491157002429348,22
32,lassos,10,166.1448427254943,7.1369739900103175,22
33,xgb_best_per_hour,0,97.2655590298605,0.0,22
34,xgb_best_per_hour,1,93.64506143856899,1.4297283185996632,22
35,xgb_best_per_hour,2,103.5947924881132,2.7957216432421292,22
36,xgb_best_per_hour,3,114.78187123943871,3.976281163218473,22
37,xgb_best_per_hour,4,126.82514879634643,4.63658843264825,22
38,xgb_best_per_hour,5,135.9630690431767,6.1559994197732975,22
39,xgb_best_per_hour,6,144.39919625008002,6.923585619065644,22
40,xgb_best_per_hour,7,151.99420497827327,7.13762652918856,22
41,xgb_best_per_hour,8,158.3735893909466,6.889458783536115,22
42,xgb_best_per_hour,9,163.9011465749553,8.046887267230838,22
43,xgb_best_per_hour,10,169.4021124143677,7.885465166083712,22
44,xgb_best_max_hour,0,98.11231496285548,0.0,22
45,xgb_best_max_hour,1,94.78315683495545,1.3937960547023873,22
46,xgb_best_max_hour,2,103.91852573002505,2.758522545370658,22
47,xgb_best_max_hour,3,114.8821402734487,4.192700191970288,22
48,xgb_best_max_hour,4,125.84935909468679,4.298194335915496,22
49,xgb_best_max_hour,5,136.05197412488388,5.53468894547961,22
50,xgb_best_max_hour,6,144.77952035976344,5.703631606130222,22
51,xgb_best_max_hour,7,152.4191549511659,6.856418841757482,22
52,xgb_best_max_hour,8,161.42794563274194,7.271862826761073,22
53,xgb_best_max_hour,9,166.90750353160433,6.606770959817615,22
54,xgb_best_max_hour,10,171.76264602908074,6.627360409808636,22
55,lin_xgb_best_per_hour,0,74.8090201590292,0.0,22
56,lin_xgb_best_per_hour,1,75.84920120057582,1.1279109574431296,22
57,lin_xgb_best_per_hour,2,81.51615412951503,2.084852079651204,22
58,lin_xgb_best_per_hour,3,89.48856583357987,2.650190770056236,22
59,lin_xgb_best_per_hour,4,99.97508594813078,4.06840619922058,22
60,lin_xgb_best_per_hour,5,111.0562254524791,4.464669791229131,22
61,lin_xgb_best_per_hour,6,122.46439919863104,5.605385674730525,22
62,lin_xgb_best_per_hour,7,135.01251388868272,5.952681790652439,22
63,lin_xgb_best_per_hour,8,149.25724986417998,6.402087190119195,22
64,lin_xgb_best_per_hour,9,161.88143944836236,7.754864120848614,22
65,lin_xgb_best_per_hour,10,176.57852482980667,7.960464111908158,22
66,lin_xgb_best_max_hour,0,75.80435301408022,0.0,22
67,lin_xgb_best_max_hour,1,77.08806805798837,1.3909826989126919,22
68,lin_xgb_best_max_hour,2,82.89849022361352,1.9318802386078586,22
69,lin_xgb_best_max_hour,3,91.89224575579188,2.7228180252623657,22
70,lin_xgb_best_max_hour,4,102.93520989493916,3.8910009329481547,22
71,lin_xgb_best_max_hour,5,114.60396210469,5.160715109104791,22
72,lin_xgb_best_max_hour,6,125.65972923816578,4.876853849104374,22
73,lin_xgb_best_max_hour,7,138.4673882004328,7.040181041691515,22
74,lin_xgb_best_max_hour,8,151.59084781719318,6.535078507095508,22
75,lin_xgb_best_max_hour,9,165.31160417332427,7.243941036192764,22
76,lin_xgb_best_max_hour,10,178.482099223329,8.262653208887272,22
0,linears,0,84.88651103310808,0.0,23
1,linears,1,81.90714874776718,0.9752056123690533,23
2,linears,2,85.37123464761487,1.8691199205144384,23
3,linears,3,91.98586846300505,2.808889654200564,23
4,linears,4,99.07126411299164,3.303235079070842,23
5,linears,5,107.07745919176458,4.1339426594935045,23
6,linears,6,116.13888811559185,5.052898518287386,23
7,linears,7,126.24926501450352,5.405378057784096,23
8,linears,8,137.12792054877397,6.134810146598143,23
9,linears,9,149.52345370310022,7.7026577391041755,23
10,linears,10,161.12854415792555,8.150849163559501,23
11,ridges,0,85.17778209049938,0.0,23
12,ridges,1,82.09130039606856,0.976862422166108,23
13,ridges,2,85.56840814020374,1.7442343458246843,23
14,ridges,3,91.63064615725796,2.5774015038904547,23
15,ridges,4,99.17946771723267,3.0008465872707983,23
16,ridges,5,107.42430669888923,4.330393075252282,23
17,ridges,6,116.48275610364959,4.857194113697136,23
18,ridges,7,127.0003755181791,5.878827393907279,23
19,ridges,8,137.29551541860948,6.1578220061049915,23
20,ridges,9,148.66041990667708,7.5943898772724125,23
21,ridges,10,158.13531671555597,7.538645915335731,23
22,lassos,0,85.63346944417229,0.0,23
23,lassos,1,83.18206378248792,0.9533168635541844,23
24,lassos,2,86.94496786109066,1.762035800776803,23
25,lassos,3,92.28765767002571,3.0361180390984575,23
26,lassos,4,99.85218553619836,4.156624591134113,23
27,lassos,5,107.58985049795345,4.6101434227645735,23
28,lassos,6,116.39202208423232,4.526690787580533,23
29,lassos,7,126.15460209314001,5.072596244227218,23
30,lassos,8,137.09059679126787,6.3623036060698235,23
31,lassos,9,147.7305604707547,6.671886767763893,23
32,lassos,10,159.86512831141314,6.851134726596716,23
33,xgb_best_per_hour,0,109.63399255638964,0.0,23
34,xgb_best_per_hour,1,106.26109441145069,1.4873024481110522,23
35,xgb_best_per_hour,2,113.23808752752977,2.575849086319246,23
36,xgb_best_per_hour,3,122.09428335697416,3.9795770464387457,23
37,xgb_best_per_hour,4,130.9192577636329,4.497341197558585,23
38,xgb_best_per_hour,5,140.24891898876754,5.499525417606098,23
39,xgb_best_per_hour,6,146.9041247443593,5.677915842036875,23
40,xgb_best_per_hour,7,152.61424985004496,6.137537936986373,23
41,xgb_best_per_hour,8,159.1424954855074,6.96111383795395,23
42,xgb_best_per_hour,9,162.9962987869417,5.808310693740589,23
43,xgb_best_per_hour,10,168.0757503948338,7.370978721779321,23
44,xgb_best_max_hour,0,110.84036222599634,0.0,23
45,xgb_best_max_hour,1,107.10618449339901,1.2733301236238759,23
46,xgb_best_max_hour,2,114.71809845792866,2.6304941803700066,23
47,xgb_best_max_hour,3,122.01302926078293,3.9550103942594093,23
48,xgb_best_max_hour,4,130.8200636391437,4.536078991350635,23
49,xgb_best_max_hour,5,138.49543408658118,4.720637437512528,23
50,xgb_best_max_hour,6,143.43499511770852,5.658692060326619,23
51,xgb_best_max_hour,7,149.56196365501566,6.408131471973624,23
52,xgb_best_max_hour,8,154.17875143985194,6.242760984347206,23
53,xgb_best_max_hour,9,158.0416496550338,7.527526654663846,23
54,xgb_best_max_hour,10,161.3908485010402,6.627110048349966,23
55,lin_xgb_best_per_hour,0,81.34180296131737,0.0,23
56,lin_xgb_best_per_hour,1,78.17210580613191,1.034517862940557,23
57,lin_xgb_best_per_hour,2,84.34501790442035,2.169545403979685,23
58,lin_xgb_best_per_hour,3,92.0053334742746,3.288463276217017,23
59,lin_xgb_best_per_hour,4,102.12498757985577,3.538462187772565,23
60,lin_xgb_best_per_hour,5,112.09875791156367,4.543270177510431,23
61,lin_xgb_best_per_hour,6,123.04498030803717,5.466859937462802,23
62,lin_xgb_best_per_hour,7,133.90345913738525,5.282895346384448,23
63,lin_xgb_best_per_hour,8,145.6386991159387,6.398778421825285,23
64,lin_xgb_best_per_hour,9,158.6087040254527,7.315069676367816,23
65,lin_xgb_best_per_hour,10,172.01240473012888,8.988832655191569,23
66,lin_xgb_best_max_hour,0,81.84384492683948,0.0,23
67,lin_xgb_best_max_hour,1,78.82265475523728,1.2218120917206787,23
68,lin_xgb_best_max_hour,2,84.54518719022951,2.2025903692436395,23
69,lin_xgb_best_max_hour,3,93.60537364567821,2.6117045796174034,23
70,lin_xgb_best_max_hour,4,102.10325968936183,3.831035062449544,23
71,lin_xgb_best_max_hour,5,112.84956952410208,4.4513613095757005,23
72,lin_xgb_best_max_hour,6,123.55477804468346,5.440022261002641,23
73,lin_xgb_best_max_hour,7,135.722078962518,5.884544408317837,23
74,lin_xgb_best_max_hour,8,147.24623679313686,5.931612327787865,23
75,lin_xgb_best_max_hour,9,159.52144562858007,8.167812728492796,23
76,lin_xgb_best_max_hour,10,172.6544993741878,8.600220592084504,23
